Candidate,Constituency,Party,Criminal Cases,Education,Total Assets,Liabilities,Year
Bapu Rao Soyam,ADILABAD,BJP,52,12th Pass,3099414,231450,2019
Satyapal Singh Baghel,AGRA,BJP,5,Doctorate,74274036,8606522,2019
Patel Hasmukhbhai Somabhai,AHMEDABAD EAST,BJP,0,Others,74699690,6252577,2019
Dr. Solanki Kiritbhai,AHMEDABAD WEST,BJP,0,Post Graduate,89474039,0,2019
Sujay Radhakrishna Vikhe,AHMEDNAGAR,BJP,0,Doctorate,0,0,2019
Bhagirath Chaudhary,AJMER,BJP,0,12th Pass,85101774,8319942,2019
Sanjay Shamrao Dhotre,AKOLA,BJP,1,Graduate Professional,77153230,14985774,2019
A M Ariff,ALAPPUZHA,CPI(M),2,Graduate Professional,15268906,2220700,2019
Ramya Haridas,ALATHUR,INC,3,10th Pass,1152816,0,2019
Satish Kumar Gautam,ALIGARH,BJP,0,10th Pass,0,0,2019
John Barla,ALIPURDUARS,BJP,9,8th Pass,1418730,0,2019
Rita Bahuguna Joshi,ALLAHABAD,BJP,6,Doctorate,26919330,1600000,2019
Ajay Tamta,ALMORA,BJP,0,12th Pass,9910448,55845,2019
Mahant Balak Nath,ALWAR,BJP,0,10th Pass,352929,0,2019
Chinta Anuradha,AMALAPURAM,YSRCP,0,Graduate,0,0,2019
Rattan Lal Kataria,AMBALA,BJP,0,Post Graduate,54361499,188861,2019
Ritesh Pandey,AMBEDKAR NAGAR,BSP,1,Graduate,307265121,24739098,2019
Smriti Irani,AMETHI,BJP,0,12th Pass,111099609,0,2019
Navneet Ravi Rana,AMRAVATI,IND,1,10th Pass,124554656,70576979,2019
Kachhadiya Naranbhai Bhikhabhai,AMRELI,BJP,0,12th Pass,0,0,2019
Gurjeet Singh Aujla,AMRITSAR,INC,0,12th Pass,34011739,9031565,2019
Kunwar Danish Ali,AMROHA,BSP,0,Post Graduate,74920879,19579691,2019
Dr.Beesetti Venkata Satyavathi,ANAKAPALLE,YSRCP,0,Graduate Professional,91526244,11139279,2019
Miteshbhai Patel,ANAND,BJP,2,Others,77043053,7810840,2019
Manish Tewari,ANANDPUR SAHIB,INC,0,Graduate Professional,0,0,2019
Talari Rangaiah,ANANTAPUR,YSRCP,1,Doctorate,11773091,1135547,2019
Hasnain Masoodi,ANANTNAG,Jammu & Kashmir National Conference,0,Post Graduate,87620672,0,2019
Kuldeep Rai Sharma,ANDAMAN AND NICOBAR ISLANDS,INC,0,Graduate Professional,132233012,80450870,2019
Dharmendra Kumar,AONLA,BJP,0,10th Pass,21766502,3324300,2019
S. Jagathrakshakan,ARAKKONAM,DMK,2,10th Pass,0,0,2019
Goddeti Madhavi,ARAKU,YSRCP,0,Graduate Professional,141179,0,2019
Aparupa Poddar (Afrin Ali),ARAMBAG,AITC,1,Post Graduate,12527597,4244000,2019
Vishnuprasad. M.K,ARANI,INC,1,Graduate Professional,234564815,33409505,2019
Pradeep Kumar Singh,ARARIA,BJP,3,10th Pass,5010577,1159200,2019
R. K. Singh,ARRAH,BJP,1,Graduate Professional,0,0,2019
Tapir Gao,ARUNACHAL EAST,BJP,0,Post Graduate,136628259,0,2019
Kiren Rijiju,ARUNACHAL WEST,BJP,0,Graduate Professional,15279000,0,2019
Babul Supriya Baral,ASANSOL,BJP,4,Graduate,59234826,5722184,2019
Pramila Bisoyi,ASKA,BJD,0,5th Pass,732470,0,2019
Adoor Prakash,ATTINGAL,INC,7,Graduate Professional,0,0,2019
Sushil Kumar Singh,AURANGABAD,BJP,3,Post Graduate,167895109,3746607,2019
Imtiaz Jaleel Syed,AURANGABAD,AIMIM,4,Post Graduate,29562768,6800000,2019
Horen Sing Bey,AUTONOMOUS DISTRICT,BJP,2,Graduate,20693570,5956209,2019
Akhilesh Yadav,AZAMGARH,SP,0,Graduate Professional,377859166,2853000,2019
Sangh Mitra Maurya,BADAUN,BJP,2,Graduate Professional,0,0,2019
Gaddigoudar Parvatagouda Chandanagouda,BAGALKOT,BJP,0,Graduate Professional,43980663,7987991,2019
Dr. Satyapal Singh,BAGHPAT,BJP,1,Doctorate,78195793,0,2019
Adhir Ranjan Chowdhury,BAHARAMPUR,INC,7,10th Pass,101315437,8506984,2019
Akshayabar Lal,BAHRAICH,BJP,0,10th Pass,45691463,3028133,2019
Dr. Dhal Singh Bisen,BALAGHAT,BJP,0,Others,0,0,2019
Pratap Chandra Sarangi,BALASORE,BJP,7,Graduate,1346236,160,2019
Virendra Singh,BALLIA,BJP,2,Graduate,24498319,0,2019
Sukanta Majumdar,BALURGHAT,BJP,0,Doctorate,5825866,2168170,2019
Parbatbhai Patel,BANASKANTHA,BJP,0,Graduate Professional,41819177,4500000,2019
R.K. Singh Patel,BANDA,BJP,2,Graduate,0,0,2019
P. C. Mohan,BANGALORE CENTRAL,BJP,0,12th Pass,755529306,312521957,2019
D.V. Sadananda Gowda,BANGALORE NORTH,BJP,0,Graduate Professional,209384539,104302653,2019
D.K. Suresh,BANGALORE RURAL,INC,5,12th Pass,3388920717,519320305,2019
Tejasvi Surya,BANGALORE SOUTH,BJP,0,Graduate Professional,1346593,0,2019
Shantanu Thakur,BANGAON,BJP,8,Graduate,0,0,2019
Giridhari Yadav,BANKA,JD(U),1,Post Graduate,19816050,405701,2019
Subhas Kumar Sarkar,BANKURA,BJP,1,Graduate Professional,19799440,3261495,2019
Kamlesh Paswan,BANSGAON,BJP,5,Graduate,171706883,6049264,2019
Kanakmal Katara,BANSWARA,BJP,0,Graduate Professional,58711904,1746729,2019
Suresh Babu Nandigam,BAPATLA,YSRCP,0,8th Pass,0,0,2019
Upendra Singh Rawat,BARABANKI,BJP,1,Post Graduate,18050127,3171774,2019
Supriya Sadanand Sule,BARAMATI,NCP,0,Graduate,1408888704,5500000,2019
Mohammad Akbar Lone,BARAMULLA,Jammu & Kashmir National Conference,0,Graduate Professional,597434000,104935,2019
Dr. Kakoli Ghoshdastidar,BARASAT,AITC,2,Post Graduate,40531018,1496059,2019
Surendrajeet Singh Ahluwalia,BARDHAMAN DURGAPUR,BJP,0,Graduate Professional,0,0,2019
Sunil Kumar Mondal,BARDHAMAN PURBA,AITC,0,Graduate Professional,20371283,148598,2019
Parbhubhai Nagarbhai Vasava,BARDOLI,BJP,0,Others,28350217,3676869,2019
Santosh Kumar Gangwar,BAREILLY,BJP,0,Graduate Professional,126356142,13055209,2019
Suresh Pujari,BARGARH,BJP,0,Post Graduate,11673429,0,2019
Kailash Choudhary,BARMER,BJP,2,Graduate,0,0,2019
Abdul Khaleque,BARPETA,INC,0,Post Graduate,7398753,2703693,2019
Arjun Singh,BARRACKPUR,BJP,24,10th Pass,8055691,1100000,2019
Nusrat Jahan Ruhi,BASIRHAT,AITC,0,12th Pass,29088391,16881608,2019
Deepak Kumar Baij,BASTAR,INC,1,Post Graduate,7721293,1801236,2019
Harish Chandra Alias Harish Dwivedi,BASTI,BJP,5,Post Graduate,0,0,2019
Harsimrat Kaur Badal,BATHINDA,SAD,0,10th Pass,2179919870,954852600,2019
Pritam Gopinathrao Munde,BEED,BJP,1,Post Graduate,167477926,98833794,2019
Giriraj Singh,BEGUSARAI,BJP,6,Graduate,83024577,12236000,2019
Angadi Suresh,BELGAUM,BJP,0,Graduate Professional,366164525,198479638,2019
Y. Devendrappa,BELLARY,BJP,0,5th Pass,0,0,2019
Chandra Sekhar Sahu,BERHAMPUR,BJD,0,10th Pass,11716989,0,2019
Durga Das (D.D.) Uikey,BETUL,BJP,0,Post Graduate,15413532,875803,2019
Ramesh Chand,BHADOHI,BJP,6,10th Pass,94089148,21696413,2019
Manjulata Mandal,BHADRAK,BJD,0,Graduate,39417891,8958149,2019
Ajay Kumar Mandal,BHAGALPUR,JD(U),0,8th Pass,0,0,2019
Sunil Baburao Mendhe,BHANDARA GONDIYA,BJP,2,Others,627543615,19861338,2019
Ranjeeta Kumari,BHARATPUR,BJP,0,8th Pass,3117190,0,2019
Mansukhbhai Vasava,BHARUCH,BJP,0,Post Graduate,6835957,0,2019
Dr.Bharatiben Dhirubhai Shiyal,BHAVNAGAR,BJP,0,Graduate Professional,17753161,3689036,2019
Subhash Chandra Baheria,BHILWARA,BJP,0,Graduate,0,0,2019
Sandhya Ray,BHIND,BJP,0,Post Graduate,51108660,13400000,2019
Kapil Moreshwar Patil,BHIWANDI,BJP,0,Graduate,418850781,5645459,2019
Dharambir Singh,BHIWANI MAHENDRAGARH,BJP,0,Graduate,60642205,240000,2019
Komatireddy Venakat Reddy,BHONGIR,INC,14,12th Pass,162543845,24069129,2019
Sadhvi Pragya Singh Thakur,BHOPAL,BJP,1,Post Graduate,0,0,2019
Aparajita Sarangi,BHUBANESWAR,BJP,0,Graduate,31677600,4329959,2019
Bhagwanth Khuba,BIDAR,BJP,1,Graduate Professional,51836416,10239000,2019
Jigajinagi Ramesh Chandappa,BIJAPUR,BJP,0,Graduate,504122985,1600000,2019
Malook Nagar,BIJNOR,BSP,7,Graduate,2499628021,1016148176,2019
Arjun Ram Meghwal,BIKANER,BJP,0,Post Graduate,0,0,2019
Arun Sao,BILASPUR,BJP,0,Graduate Professional,13544588,50000,2019
Satabdi Roy (Banerjee),BIRBHUM,AITC,0,Graduate,48652722,18604443,2019
Saumitra Khan,BISHNUPUR,BJP,6,12th Pass,8656777,1077120,2019
Smt. Sangeeta Kumari Singh Deo,BOLANGIR,BJP,0,Graduate,379590851,7500000,2019
Asit Kumar Mal,BOLPUR,AITC,0,10th Pass,0,0,2019
Bhola Singh,BULANDSHAHR,BJP,1,Graduate,18728861,0,2019
Prataprao Ganpatrao Jadhav,BULDHANA,SHS,3,12th Pass,116272966,735482,2019
Ashwini Kumar Choubey,BUXAR,BJP,3,Graduate,40183612,1350667,2019
Benny Behanan,CHALAKUDY,INC,4,Graduate,20461931,915938,2019
V Srinivas Prasad,CHAMARAJANAGAR,BJP,0,Post Graduate,0,0,2019
Dr. Mahendra Nath Pandey,CHANDAULI,BJP,0,Doctorate,33359734,0,2019
Kirron Kher,CHANDIGARH,BJP,0,Post Graduate,474983574,6279188,2019
Harsh Vardhan,CHANDNI CHOWK,BJP,0,Post Graduate,30171897,0,2019
Dhanorkar Suresh Narayan,CHANDRAPUR,INC,5,12th Pass,137455342,22752880,2019
Sunil Kumar Singh,CHATRA,BJP,0,Post Graduate,0,0,2019
Dayanidhi Maran,CHENNAI CENTRAL,DMK,1,Graduate,116790616,0,2019
Dr. Kalanidhi Veeraswamy,CHENNAI NORTH,DMK,0,Post Graduate,405294714,258386550,2019
Sumathy Alias Thamizhachi Thangapandian,CHENNAI SOUTH,DMK,0,Doctorate,91793460,500000,2019
Dr.Gaddam Ranjith Reddy,CHEVELLA,TRS,0,Post Graduate,1634695131,197007553,2019
Nakul Nath,CHHINDWARA,INC,0,Graduate,0,0,2019
Rathva Gitaben Vajesingbhai,CHHOTA UDAIPUR,BJP,0,12th Pass,8634660,0,2019
Thirumaavalavan Thol,CHIDAMBARAM,Viduthalai Chiruthaigal Katchi,3,Doctorate,9244092,394248,2019
B.N.Bache Gowda,CHIKKBALLAPUR,BJP,0,Graduate Professional,1153501141,0,2019
Annasaheb Shankar Jolle,CHIKKODI,BJP,0,12th Pass,344922831,195595693,2019
A Narayanaswamy,CHITRADURGA,BJP,0,Graduate,0,0,2019
N. Reddeppa,CHITTOOR,YSRCP,0,Post Graduate,17355862,1341542,2019
Chandra Prakash,CHITTORGARH,BJP,0,Graduate,19725115,100000,2019
Rahul Kaswan,CHURU,BJP,0,Graduate,36723865,15163379,2019
P R Natarajan,COIMBATORE,CPI(M),1,12th Pass,20284430,3234168,2019
Sri Nisith Pramanik,COOCH BEHAR,BJP,11,8th Pass,0,0,2019
T. R. V .S. Ramesh,CUDDALORE,DMK,0,Graduate Professional,423378552,102828604,2019
Bhartruhari Mahtab,CUTTACK,BJD,0,Post Graduate,106894976,0,2019
Delkar Mohanbhai Sanjibhai,DADRA AND NAGAR HAVELI,IND,0,Graduate,708885980,37268162,2019
Jasvantsinh Sumanbhai Bhabhor,DAHOD,BJP,0,Graduate Professional,27070480,0,2019
Nalin Kumar Kateel,DAKSHINA KANNADA,BJP,4,10th Pass,0,0,2019
Patel Lalubhai Babubhai,DAMAN AND DIU,BJP,0,8th Pass,213993750,9969514,2019
Prahalad Singh Patel,DAMOH,BJP,0,Graduate Professional,43292483,4230614,2019
Gopaljee Thakur,DARBHANGA,BJP,0,Post Graduate,19301808,1039660,2019
Raju Bista,DARJEELING,BJP,0,Graduate,151106062,27428941,2019
Jaskaur Meena,DAUSA,BJP,0,Post Graduate,0,0,2019
G M Siddeshwar,DAVANAGERE,BJP,0,10th Pass,380164932,14670809,2019
Ramapati Ram Tripathi,DEORIA,BJP,1,Graduate Professional,29451678,9310684,2019
Mahendra Singh Solanky,DEWAS,BJP,0,Graduate Professional,3812464,1832631,2019
Pashupati Nath Singh,DHANBAD,BJP,0,Graduate,27286918,0,2019
Chhatar Singh Darbar,DHAR,BJP,1,Post Graduate,0,0,2019
Dnv Senthilkumar.S,DHARMAPURI,DMK,1,Post Graduate,48477451,6053502,2019
Pralhad Joshi,DHARWAD,BJP,1,Graduate,111384447,51736254,2019
Rekha Verma,DHAURAHRA,BJP,3,12th Pass,24735488,7095916,2019
Mahesh Sahoo,DHENKANAL,BJD,1,12th Pass,14529286,0,2019
Badruddin Ajmal,DHUBRI,AIUDF,7,Post Graduate,0,0,2019
Subhash Ramrao Bhamre,DHULE,BJP,2,Post Graduate,158651112,1000000,2019
Abhishek Banerjee,DIAMOND HARBOUR,AITC,0,Graduate,13794320,0,2019
Rameswar Teli,DIBRUGARH,BJP,0,10th Pass,4370067,0,2019
Velusamy P,DINDIGUL,DMK,0,Illiterate,148076407,31474526,2019
Bharti Pawar,DINDORI,BJP,0,Graduate Professional,0,0,2019
Jagdambika Pal,DOMARIYAGANJ,BJP,3,Post Graduate,103366710,2838478,2019
Sougata Ray,DUM DUM,AITC,1,Post Graduate,42518790,0,2019
Sunil Soren,DUMKA,BJP,0,12th Pass,4737559,685516,2019
Vijay Baghel,DURG,BJP,0,Graduate,34429027,8748686,2019
Gautam Gambhir,EAST DELHI,BJP,1,12th Pass,0,0,2019
Sridhar Kotagiri,ELURU,YSRCP,0,Graduate Professional,462808829,33560974,2019
Hibi Eden,ERNAKULAM,INC,7,Graduate,7908467,200000,2019
Ganeshamurthi A,ERODE,DMK,0,Graduate,43110000,2060000,2019
Rajveer Singh,ETAH,BJP,0,Graduate Professional,383629735,100220000,2019
Dr Ram Shankar Katheria,ETAWAH,BJP,12,Doctorate,0,0,2019
Lallu Singh,FAIZABAD,BJP,1,Post Graduate,31884642,11276478,2019
Krishan Pal,FARIDABAD,BJP,0,Graduate Professional,369652786,105593242,2019
Mohammad Sadique,FARIDKOT,INC,0,5th Pass,19793884,311043,2019
Mukesh Rajput,FARRUKHABAD,BJP,0,Graduate,74964501,388246,2019
Amar Singh,FATEHGARH SAHIB,INC,0,Post Graduate,0,0,2019
Sadhvi Niranjan Jyoti,FATEHPUR,BJP,0,12th Pass,10667372,910148,2019
Rajkumar Chahar,FATEHPUR SIKRI,BJP,3,Graduate,14854247,356404,2019
Dr. Chandra Sen Jadon,FIROZABAD,BJP,0,Graduate Professional,42872395,0,2019
Sukhbir Singh Badal,FIROZPUR,SAD,4,Post Graduate,2179919870,954852600,2019
Ashok Mahadevrao Nete,GADCHIROLI CHIMUR,BJP,0,12th Pass,0,0,2019
Amit Shah,GANDHINAGAR,BJP,4,12th Pass,403275307,4769587,2019
Nihal Chand,GANGANAGAR,BJP,0,Graduate,21014362,3631287,2019
Tirath Singh Rawat,GARHWAL,BJP,0,Post Graduate,15032657,3500000,2019
Queen Oja,GAUHATI,BJP,0,Graduate,630219570,34034178,2019
Dr. Mahesh Sharma,GAUTAM BUDDHA NAGAR,BJP,0,Graduate Professional,0,0,2019
Vijay Kumar,GAYA,JD(U),3,12th Pass,12766141,3148932,2019
Deepak Adhikari,GHATAL,AITC,0,Others,317320579,7879681,2019
Vijay Kumar Singh,GHAZIABAD,BJP,2,Doctorate,56545702,0,2019
Afzal Ansari,GHAZIPUR,BSP,5,Post Graduate,137938756,0,2019
Atul Kumar Singh,GHOSI,BSP,13,Graduate,0,0,2019
Chandra Prakash Choudhary,GIRIDIH,AJSU Party,2,Graduate,13456889,1330000,2019
Nishikant Dubey,GODDA,BJP,4,Doctorate,462757500,0,2019
Kirti Vardhan Singh Alias Raja Bhaiya,GONDA,BJP,0,Post Graduate,232735285,23201603,2019
Dr. Alok Kumar Suman,GOPALGANJ,JD(U),0,Post Graduate,32739903,3576376,2019
Ravindra Shyamnarayan Shukla Alias Ravi Kishan,GORAKHPUR,BJP,0,12th Pass,0,0,2019
Dr. Umesh G Jadhav,GULBARGA,BJP,0,Post Graduate,37490597,0,2019
Krishna Pal Singh,GUNA,BJP,0,Graduate Professional,16266408,494053,2019
Jayadev Galla,GUNTUR,TDP,0,Graduate,3051485242,203452417,2019
Ajay Singh Dharmendra Deol (Sunny Deol),GURDASPUR,BJP,0,Others,871925679,534644785,2019
Rao Inderjit Singh,GURGAON,BJP,0,Graduate Professional,0,0,2019
Vivek Narayan Shejwalkar,GWALIOR,BJP,0,Graduate Professional,58911673,0,2019
Pashupati Kumar Paras,HAJIPUR,LJP,1,Graduate Professional,62834200,6744375,2019
Anurag Singh Thakur,HAMIRPUR,BJP,3,Graduate,56770463,1085145,2019
Kunwar Pushpendra Singh,HAMIRPUR,BJP,4,Post Graduate,167159924,35502582,2019
Jai Prakash,HARDOI,BJP,0,Graduate,0,0,2019
Ramesh Pokhriyal Nishank,HARIDWAR,BJP,0,Doctorate,28739888,16444,2019
Prajwal R,HASSAN,JD(S),0,Graduate Professional,97848632,37253210,2019
Rajvir Diler,HATHRAS,BJP,0,12th Pass,14930000,0,2019
Dhairyashil Sambhajirao Mane,HATKANANGLE,SHS,0,Graduate,47771462,41599959,2019
Udasi. S.C.,HAVERI,BJP,0,12th Pass,0,0,2019
Jayant Sinha,HAZARIBAGH,BJP,0,Post Graduate,770749002,193271437,2019
Kuruva Gorantla Madhav,HINDUPUR,YSRCP,2,Graduate,1787356,730332,2019
Patil Hemant Shriram,HINGOLI,SHS,0,Graduate,18594458,1299983,2019
Brijendra Singh,HISAR,BJP,0,Post Graduate,146408734,27225637,2019
Locket Chatterjee,HOOGHLY,BJP,14,Graduate,0,0,2019
Rao Uday Pratap Singh,HOSHANGABAD,BJP,1,Graduate,154783105,9103300,2019
Som Parkash,HOSHIARPUR,BJP,0,Post Graduate,29404519,0,2019
Prasun Banerjee,HOWRAH,AITC,1,Graduate,13216066,0,2019
Asaduddin Owaisi,HYDERABAD,AIMIM,5,Graduate Professional,179044376,120500000,2019
Dean Kuriakose,IDUKKI,INC,204,Post Graduate,0,0,2019
Shankar Lalwani,INDORE,BJP,2,Graduate Professional,59038508,2106382,2019
Dr Rajkumar Ranjan Singh,INNER MANIPUR,BJP,0,Doctorate,19616174,0,2019
Rakesh Singh,JABALPUR,BJP,1,Graduate,43134351,1387000,2019
Mimi Chakraborty,JADAVPUR,AITC,0,Graduate,24398786,1900788,2019
Rajashree Mallick,JAGATSINGHPUR,BJD,0,Graduate Professional,0,0,2019
Chandeshwar Prasad,JAHANABAD,JD(U),3,10th Pass,139271693,0,2019
Ram Charan Bohra,JAIPUR,BJP,0,12th Pass,165322707,22000000,2019
Col. Rajyavardhan Rathore,JAIPUR RURAL,BJP,0,Graduate,127808070,0,2019
Sarmistha Sethi,JAJPUR,BJD,0,Post Graduate,15837082,0,2019
Santokh Singh Chaudhary,JALANDHAR,INC,0,Graduate Professional,0,0,2019
Bhanu Pratap Singh,JALAUN,BJP,1,Post Graduate,10699516,12265,2019
Unmesh Bhaiyyasaheb Patil,JALGAON,BJP,1,Graduate Professional,12324604,2529954,2019
Danve Raosaheb Dadarao,JALNA,BJP,2,Graduate,229557992,2400000,2019
Devaji Patel,JALORE,BJP,0,10th Pass,88332292,60936530,2019
Jayanta Kumar Roy,JALPAIGURI,BJP,0,Graduate Professional,0,0,2019
Jugal Kishore,JAMMU,BJP,0,10th Pass,56481801,350040219,2019
Poonamben Hematbhai Maadam,JAMNAGAR,BJP,0,Graduate,427331034,98632194,2019
Bidyut Baran Mahato,JAMSHEDPUR,BJP,3,12th Pass,27750671,2961830,2019
Chirag Kumar Paswan,JAMUI,LJP,1,Graduate Professional,18466066,0,2019
Khalilur Rahaman,JANGIPUR,AITC,0,Graduate,0,0,2019
Guharam Ajgalle,JANJGIR CHAMPA,BJP,0,Graduate Professional,18400837,0,2019
Shyam Singh Yadav,JAUNPUR,BSP,0,Post Graduate,140717620,3577000,2019
Pratima Mondal,JAYNAGAR,AITC,0,Post Graduate,27471675,0,2019
Dushyant,JHALAWAR BARAN,BJP,0,Post Graduate,370432373,85824156,2019
Ramprit Mandal,JHANJHARPUR,JD(U),1,10th Pass,0,0,2019
Anurag Sharma,JHANSI,BJP,0,Post Graduate,1243060113,14212970,2019
Kunar Hembram,JHARGRAM,BJP,0,Graduate Professional,10387498,565000,2019
Narendra Kumar,JHUNJHUNU,BJP,1,Graduate,47474109,3278401,2019
Gajendra Singh Shekhawat,JODHPUR,BJP,1,Post Graduate,138029511,58573744,2019
Topon Kumar Gogoi,JORHAT,BJP,0,Post Graduate,0,0,2019
Chudasama Rajeshbhai Naranbhai,JUNAGADH,BJP,1,12th Pass,10866041,1481768,2019
Chavda Vinod Lakhamshi,KACHCHH,BJP,0,Post Graduate,33508455,12458607,2019
Yeduguri Sandinti Avinash Reddy,KADAPA,YSRCP,4,Post Graduate,186969794,22833319,2019
Pradeep Kumar,KAIRANA,BJP,5,Post Graduate,17292937,1300000,2019
Brij Bhushan Sharan Singh,KAISERGANJ,BJP,4,Graduate Professional,0,0,2019
Vanga Geetha Viswanatham,KAKINADA,YSRCP,0,Post Graduate,202528594,34416878,2019
Basanta Kumar Panda,KALAHANDI,BJP,3,12th Pass,9547000,0,2019
Gaurav Gogoi,KALIABOR,INC,0,Post Graduate,13727834,1250000,2019
Gautham Sigamani Pon,KALLAKURICHI,DMK,1,Post Graduate,471186830,81131909,2019
Dr. Shrikant Eknath Shinde,KALYAN,SHS,1,Post Graduate,0,0,2019
Selvam.G,KANCHEEPURAM,DMK,0,Post Graduate,48172936,0,2019
Achyutananda Samanta,KANDHAMAL,BJD,0,Doctorate,1244722,0,2019
Kishan Kapoor,KANGRA,BJP,2,12th Pass,85841247,3605161,2019
Mohan Mandavi,KANKER,BJP,0,Post Graduate,28675553,679000,2019
Subrat Pathak,KANNAUJ,BJP,11,Graduate,0,0,2019
Vasanthakumar H,KANNIYAKUMARI,INC,0,Post Graduate,4174930444,1547511439,2019
K Sudhakaran,KANNUR,INC,3,Post Graduate,29699206,7468633,2019
Satyadev Pachauri,KANPUR,BJP,0,Post Graduate,132382819,31052190,2019
Sisir Kumar Adhikari,KANTHI,AITC,3,12th Pass,33979650,0,2019
Mahabali Singh,KARAKAT,JD(U),3,8th Pass,0,0,2019
Manoj Rajoria,KARAULI DHOLPUR,BJP,0,Post Graduate,64867148,22121569,2019
Kripanath Mallah,KARIMGANJ,BJP,0,Graduate,1871040,0,2019
Bandi Sanjay Kumar,KARIMNAGAR,BJP,6,Post Graduate,2270000,1341800,2019
Sanjay Bhatia,KARNAL,BJP,0,Graduate,2256739,500000,2019
Jothimani S,KARUR,INC,0,Post Graduate,0,0,2019
Rajmohan Unnithan,KASARAGOD,INC,1,Graduate,21570257,862257,2019
Dulal Chandra Goswami,KATIHAR,JD(U),1,Graduate,13302734,3130766,2019
Vinod Kumar Sonkar,KAUSHAMBI,BJP,4,Graduate,59336113,20730086,2019
Anubhav Mohanty,KENDRAPARA,BJD,0,Graduate,22309172,4133506,2019
Chandrani Murmu,KEONJHAR,BJD,0,Graduate Professional,0,0,2019
Jasbir Singh Gill,KHADOOR SAHIB,INC,0,Others,81393500,4655000,2019
Choudhary Mahbub Ali Kaisar,KHAGARIA,LJP,1,Graduate,109788313,0,2019
Vishnu Datt Sharma,KHAJURAHO,BJP,0,Post Graduate,10589334,2507176,2019
Nama Nageswr Rao,KHAMMAM,TRS,5,12th Pass,1074671341,80721594,2019
Nandkumar Singh Chouhan (Nandu Bhaiya),KHANDWA,BJP,0,Post Graduate,0,0,2019
Gajendra Umrao Singh Patel,KHARGONE,BJP,0,Graduate Professional,67303990,1885020,2019
Chauhan Devusinh,KHEDA,BJP,0,Others,13023202,995240,2019
Ajay Kumar,KHERI,BJP,1,Graduate Professional,45295455,0,2019
Arjun Munda,KHUNTI,BJP,0,12th Pass,91507865,27106434,2019
Dr. Mohammad Jawed,KISHANGANJ,INC,1,Graduate Professional,0,0,2019
Annapurna Devi,KODARMA,BJP,0,Post Graduate,97636939,3189066,2019
Naba Kumar Sarania,KOKRAJHAR,IND,5,12th Pass,13013994,175069,2019
S. Muniswamy,KOLAR,BJP,2,12th Pass,174557500,19865690,2019
Sanjay Sadashivrao Mandlik,KOLHAPUR,SHS,0,Post Graduate,95171892,10580414,2019
Mala Roy,KOLKATA DAKSHIN,AITC,3,Graduate,0,0,2019
Bandyopadhyay Sudip,KOLKATA UTTAR,AITC,2,Graduate,61176355,0,2019
Premachandran N K,KOLLAM,Revolutionary Socialist Party,5,Graduate Professional,17500650,3270587,2019
Karadi Sanganna Amarappa,KOPPAL,BJP,1,10th Pass,28725791,22475333,2019
Saptagiri Sankar Ulaka,KORAPUT,INC,0,Graduate Professional,37587560,1217963,2019
Jyotsna Mahant,KORBA,INC,0,Post Graduate,0,0,2019
Om Birla,KOTA,BJP,1,Post Graduate,48347737,0,2019
Thomas Chazhikadan,KOTTAYAM,Kerala Congress (M),0,Graduate Professional,26027478,495778,2019
M.K.Raghavan,KOZHIKODE,INC,1,Graduate,12502009,3174805,2019
Dr.A.Chellakumar,KRISHNAGIRI,INC,5,Post Graduate,121087979,66817959,2019
Mahua Moitra,KRISHNANAGAR,AITC,0,Graduate,0,0,2019
Dr Sanjeev Kumar,KURNOOL,YSRCP,0,Post Graduate,325914387,62070621,2019
Nayab Singh,KURUKSHETRA,BJP,0,Graduate Professional,35785621,5720000,2019
Vijay Kumar Dubey,KUSHI NAGAR,BJP,2,12th Pass,21860780,316847,2019
Tsering Namgyal,LADAKH,BJP,1,Graduate,981904,0,2019
Pradan Baruah,LAKHIMPUR,BJP,0,12th Pass,0,0,2019
Mohammed Faizal Pp,LAKSHADWEEP,NCP,2,Post Graduate,938641,0,2019
Sangeeta Azad,LALGANJ,BSP,0,Graduate Professional,88451770,0,2019
Sudhakar Tukaram Shrangare,LATUR,BJP,0,10th Pass,286478302,100250602,2019
Sudarshan Bhagat,LOHARDAGA,BJP,0,Graduate,12947303,525000,2019
Rajnath Singh,LUCKNOW,BJP,0,Post Graduate,0,0,2019
Ravneet Singh Bittu,LUDHIANA,INC,3,12th Pass,54281096,3331266,2019
Bholanath (B.P. Saroj),MACHHLISHAHR,BJP,0,Graduate,259027394,11194163,2019
Balashowry Vallabhaneni,MACHILIPATNAM,YSRCP,2,Post Graduate,990575840,746310844,2019
Ranjeetsinha Hindurao Naik Nimbalkar,MADHA,BJP,2,12th Pass,1275160578,896315287,2019
Dinesh Chandra Yadav,MADHEPURA,JD(U),1,Graduate Professional,0,0,2019
Ashok Kumar Yadav,MADHUBANI,BJP,1,Doctorate,46699125,7892847,2019
Venkatesan S,MADURAI,CPI(M),0,12th Pass,1811456,0,2019
Kavitha Malothu,MAHABUBABAD,TRS,1,Graduate,19731269,1252068,2019
Janardan Singh Sigriwal,MAHARAJGANJ,BJP,5,Graduate,10451986,376000,2019
Pankaj Choudhary,MAHARAJGANJ,BJP,5,12th Pass,0,0,2019
Chunni Lal Sahu,MAHASAMUND,BJP,0,Graduate,17591683,1383014,2019
Manne Srinivas Reddy,MAHBUBNAGAR,TRS,0,12th Pass,63353123,4569251,2019
Shardaben Anilbhai Patel,MAHESANA,BJP,0,12th Pass,440308300,7477793,2019
Mulayam Singh Yadav,MAINPURI,SP,1,Post Graduate,205604593,22055657,2019
Kunhalikutty,MALAPPURAM,IUML,2,Graduate,0,0,2019
Abu Hasem Khan Chowdhury,MALDAHA DAKSHIN,INC,0,Doctorate,270959520,728107,2019
Khagen Murmu,MALDAHA UTTAR,BJP,4,Graduate,10232439,1070914,2019
Anumula Revanth Reddy,MALKAJGIRI,INC,42,Graduate,245357182,27807304,2019
Ram Swaroop Sharma,MANDI,BJP,0,10th Pass,15724337,783963,2019
Faggan Singh Kulaste,MANDLA,BJP,0,Post Graduate,0,0,2019
Sudheer Gupta,MANDSOUR,BJP,1,Post Graduate,90908944,799283,2019
Sumalatha Ambareesh,MANDYA,IND,0,10th Pass,234154139,14232295,2019
Shri Dilip Saikia,MANGALDOI,BJP,0,Graduate,6206286,0,2019
Hema Malini Dharmendra Deol,MATHURA,BJP,0,Doctorate,2508270292,131288062,2019
Choudhury Mohan Jatua,MATHURAPUR,AITC,0,Post Graduate,0,0,2019
Shrirang Chandu Barne,MAVAL,SHS,3,8th Pass,1023310134,416612,2019
Kodikunnil Suresh,MAVELIKKARA,INC,1,Graduate Professional,12965129,982819,2019
Ramalingam S,MAYILADUTHURAI,DMK,0,Graduate,13355095,215000,2019
Bishweswar Tudu,MAYURBHANJ,BJP,1,10th Pass,2742000,400000,2019
Kotha Prabhakar Reddy,MEDAK,TRS,0,Graduate,0,0,2019
Dilip Kumar Ghosh,MEDINIPUR,BJP,14,10th Pass,4536462,0,2019
Rajendra Agarwal,MEERUT,BJP,3,Post Graduate,13489377,1990094,2019
Anupriya Singh Patel,MIRZAPUR,Apna Dal (Soneylal),2,Post Graduate,26900662,1805603,2019
Ashok Kumar,MISRIKH,BJP,0,Post Graduate,48771207,5735470,2019
C Lalrosanga,MIZORAM,MNF,0,Graduate,0,0,2019
Kaushal Kishore,MOHANLALGANJ,BJP,1,Graduate,55530561,0,2019
Dr. S T Hasan,MORADABAD,SP,0,Post Graduate,55795546,500000,2019
Narendra Singh Tomar,MORENA,BJP,1,Graduate,23062224,6689767,2019
Gopal Chinnaya Shetty,MUMBAI NORTH,BJP,9,5th Pass,157535232,21136135,2019
Poonam Vajendla Rao,MUMBAI NORTH CENTRAL,BJP,2,Others,0,0,2019
Manoj Kishorbhai Kotak,MUMBAI NORTH EAST,BJP,2,10th Pass,54661944,2048000,2019
Gajanan Chandrakant Kirtikar,MUMBAI NORTH WEST,SHS,0,Graduate,105392000,4032000,2019
Arvind Sawant,MUMBAI SOUTH,SHS,1,Graduate,27181577,0,2019
Rahul Ramesh Shewale,MUMBAI SOUTH CENTRAL,SHS,0,Others,18881363,7778954,2019
Rajiv Ranjan Singh,MUNGER,JD(U),1,Graduate,0,0,2019
Abu Taher Khan,MURSHIDABAD,AITC,3,8th Pass,8926616,1350000,2019
Sanjeev Kumar Balyan,MUZAFFARNAGAR,BJP,1,Doctorate,15781189,2373645,2019
Ajay Nishad,MUZAFFARPUR,BJP,1,Graduate,298867486,15714320,2019
Prathap Simha,MYSORE,BJP,3,Post Graduate,18723762,6586698,2019
Ramesh Chandra Majhi,NABARANGPUR,BJD,0,Graduate,0,0,2019
Tokheho Yepthomi,NAGALAND,Nationalist Democratic Progressive Party,0,Graduate,128117474,18600000,2019
Selvaraj M,NAGAPATTINAM,CPI,0,12th Pass,4572837,1251381,2019
Pothuganti Ramulu,NAGARKURNOOL,TRS,0,Graduate,10778684,0,2019
Hanuman Beniwal,NAGAUR,Rashtriya Loktantrik Party,0,Graduate Professional,4218568,0,2019
Girish Chandra,NAGINA,BSP,1,12th Pass,0,0,2019
Nitin Jairam Gadkari,NAGPUR,BJP,4,Graduate Professional,187916075,40729055,2019
Ajay Bhatt,NAINITAL-UDHAMSINGH NAGAR,BJP,0,Graduate Professional,19699529,0,2019
Kaushlendra Kumar,NALANDA,JD(U),0,12th Pass,29251651,2712389,2019
Nalamada Uttam Kumar Reddy,NALGONDA,INC,4,Graduate,31501349,1200000,2019
Chinraj A.K.P,NAMAKKAL,DMK,0,Graduate,0,0,2019
Chikhalikar Pratap Govindrao,NANDED,BJP,0,12th Pass,52178606,594000,2019
Heena Vijaykumar Gavit,NANDURBAR,BJP,0,Post Graduate,271634532,15291251,2019
Pocha Brahmananda Reddy,NANDYAL,YSRCP,1,Post Graduate,585932911,177035582,2019
Lavu Sri Krishna Devarayalu,NARASARAOPET,YSRCP,0,Graduate Professional,177710073,10142413,2019
Kanumuru Raghu Rama Krishna Raju,NARSAPURAM,YSRCP,3,Post Graduate,0,0,2019
Hemant Tukaram Godse,NASHIK,SHS,1,Others,146869996,41083126,2019
Patil Chandrakant,NAVSARI,BJP,1,10th Pass,446044269,56846658,2019
Chandan Singh,NAWADA,LJP,2,Graduate,176720167,4722200,2019
Pradyut Bordoloi,NAWGONG,INC,0,Post Graduate,74143272,4011152,2019
Adala Prabhakara Reddy,NELLORE,YSRCP,0,12th Pass,0,0,2019
Meenakashi Lekhi,NEW DELHI,BJP,0,Graduate Professional,361441689,7938378,2019
A. Raja,NILGIRIS,DMK,6,Graduate Professional,49591024,1424914,2019
Dharmapuri Arvind,NIZAMABAD,BJP,1,Post Graduate,876930468,337580746,2019
Manoj Tiwari,NORTH EAST DELHI,BJP,3,Post Graduate,242817031,13618755,2019
Shripad Yesso Naik,NORTH GOA,BJP,0,Graduate,0,0,2019
Hans Raj Hans,NORTH WEST DELHI,BJP,0,10th Pass,130937732,47897494,2019
Magunta Sreenivasulu Reddy,ONGOLE,YSRCP,0,Graduate,266583686,91302133,2019
Omprakash Bhupalsinh Alias Pavan Rajenimbalkar,OSMANABAD,SHS,4,12th Pass,50299295,10045858,2019
Lorho S. Pfoze,OUTER MANIPUR,NPF,0,Graduate Professional,13709352,0,2019
V K Sreekandan,PALAKKAD,INC,7,Graduate,0,0,2019
Vishnu Dayal Ram,PALAMU,BJP,0,Graduate,32273873,90922,2019
Gavit Rajendra Dhedya,PALGHAR,SHS,0,Graduate,87616920,30223375,2019
P. P. Chaudhary,PALI,BJP,0,Graduate Professional,385111923,7278041,2019
Ratansinh Rathod,PANCHMAHAL,BJP,0,Graduate Professional,10260663,1081611,2019
Jadhav Sanjay (Bandu) Haribhau,PARBHANI,SHS,6,10th Pass,0,0,2019
Dr. Sanjay Jaiswal,PASCHIM CHAMPARAN,BJP,5,Post Graduate,199404885,67370030,2019
Ram Kripal Yadav,PATALIPUTRA,BJP,0,Graduate,29213467,1717310,2019
Dabhi Bharatsinhji Shankarji,PATAN,BJP,0,Graduate,47373221,5613860,2019
Anto Antony,PATHANAMTHITTA,INC,1,Graduate,6075876,7723227,2019
Preneet Kaur,PATIALA,INC,0,Graduate,0,0,2019
Ravi Shankar Prasad,PATNA SAHIB,BJP,0,Post Graduate,235275591,0,2019
Venkatesh Netha Borlakunta,PEDDAPALLE,TRS,0,Doctorate,16597300,0,2019
Paarivendhar T R,PERAMBALUR,DMK,2,Post Graduate,972730368,65935070,2019
Keshari Devi Patel,PHULPUR,BJP,2,Post Graduate,172707104,6505194,2019
Feroze Varun Gandhi,PILIBHIT,BJP,0,Post Graduate,0,0,2019
K Shanmugasundaram,POLLACHI,DMK,0,Graduate Professional,133109284,13360639,2019
E T Mohammed Basheer,PONNANI,IUML,0,10th Pass,8103274,0,2019
Rameshbhai Dhaduk,PORBANDAR,BJP,0,10th Pass,357564783,217944697,2019
Sangam Lal Gupta,PRATAPGARH,BJP,2,8th Pass,248789514,8895225,2019
V. Vaithilingam,PUDUCHERRY,INC,0,Graduate,0,0,2019
Girish Bhalchandra Bapat,PUNE,BJP,1,Graduate,57959302,1793891,2019
Pinaki Misra,PURI,BJD,0,Graduate Professional,1174701344,21932742,2019
Santosh Kumar,PURNIA,JD(U),1,12th Pass,41036294,2500000,2019
Jyotirmay Singh Mahato,PURULIA,BJP,2,Graduate Professional,2250540,456100,2019
Radha Mohan Singh,PURVI CHAMPARAN,BJP,1,Graduate,0,0,2019
Sonia Gandhi,RAE BARELI,INC,1,Others,118263916,0,2019
Raja Amareshwara Naik,RAICHUR,BJP,0,Graduate Professional,30638375,678532,2019
Tatkare Sunil Dattatray,RAIGAD,NCP,0,Others,127487277,3221073,2019
Debasree Chaudhuri,RAIGANJ,BJP,2,Post Graduate,6139123,823416,2019
Gomati,RAIGARH,BJP,0,12th Pass,0,0,2019
Sunil Kumar Soni,RAIPUR,BJP,0,Graduate,46068126,2482214,2019
Margani Bharat Ram,RAJAHMUNDRY,YSRCP,2,Graduate Professional,458205360,17814757,2019
P.V.Midhun Reddy,RAJAMPET,YSRCP,3,Post Graduate,665085701,205473477,2019
Rodmal Nagar,RAJGARH,BJP,0,Graduate,40198295,3921362,2019
Kundaria Mohanbhai,RAJKOT,BJP,0,8th Pass,0,0,2019
Vijay Kumar Hansdak,RAJMAHAL,JMM,0,10th Pass,12919555,2743560,2019
Santosh Pandey,RAJNANDGAON,BJP,0,Graduate Professional,24861970,1519820,2019
Diya Kumari,RAJSAMAND,BJP,0,Others,165984623,0,2019
K. Navaskani,RAMANATHAPURAM,IUML,1,12th Pass,364738171,47008615,2019
Mohammad Azam Khan,RAMPUR,SP,10,Graduate Professional,0,0,2019
Krupal Balaji Tumane,RAMTEK,SHS,0,Graduate,95603165,4228793,2019
Jagannath Sarkar,RANAGHAT,BJP,1,Graduate Professional,17622476,0,2019
Sanjay Seth,RANCHI,BJP,0,Graduate Professional,14044267,100000,2019
Guman Singh Damor,RATLAM,BJP,0,Graduate Professional,42072262,4890940,2019
Vinayak Bhaurao Raut,RATNAGIRI SINDHUDURG,SHS,3,Post Graduate,0,0,2019
Khadse Raksha Nikhil,RAVER,BJP,0,Graduate,172713734,0,2019
Janardan Prasad Mishra,REWA,BJP,0,Graduate Professional,20359750,580627,2019
Pakauri Lal,ROBERTSGANJ,Apna Dal (Soneylal),0,Literate,23048078,684133,2019
Arvind Kumar Sharma,ROHTAK,BJP,0,Post Graduate,41079284,16778090,2019
Rathod Dipsinh Shankarsinh,SABARKANTHA,BJP,0,8th Pass,0,0,2019
Rajbahadur Singh,SAGAR,BJP,1,Post Graduate,16416828,547428,2019
Haji Fazlur Rehman,SAHARANPUR,BSP,0,Graduate,46146135,60000,2019
Parthiban.S.R,SALEM,DMK,4,Post Graduate,60045532,4039841,2019
Ravinder,SALEMPUR,BJP,0,12th Pass,27031724,249400,2019
Ramchandra Paswan,SAMASTIPUR,LJP,5,10th Pass,0,0,2019
Nitesh Ganga Deb,SAMBALPUR,BJP,1,12th Pass,269543587,10337195,2019
Dr. Shafiqur Rehman Barq,SAMBHAL,SP,0,Graduate,13296671,0,2019
Sanjaykaka Patil,SANGLI,BJP,1,10th Pass,191192187,23345328,2019
Bhagwant Mann,SANGRUR,AAP,0,12th Pass,16427274,0,2019
Praveen Kumar Nishad,SANT KABIR NAGAR,BJP,0,Graduate Professional,0,0,2019
Rajiv Pratap Rudy,SARAN,BJP,0,Post Graduate,80740349,0,2019
Chhedi Paswan,SASARAM,BJP,4,Post Graduate,37786578,2214842,2019
Bhonsle Shrimant Chhatrapati Udayanraje Pratapasinh Maharaj,SATARA,NCP,8,12th Pass,1996813173,12340338,2019
Ganesh Singh,SATNA,BJP,2,Post Graduate,41719076,0,2019
Gangapuram Kishan Reddy,SECUNDERABAD,BJP,0,Others,0,0,2019
Himadri Singh,SHAHDOL,BJP,0,Graduate,36564408,1736289,2019
Arun Kumar Sagar,SHAHJAHANPUR,BJP,1,12th Pass,43448049,1179697,2019
Rama Devi,SHEOHAR,BJP,1,Graduate Professional,328364940,0,2019
Vincent H. Pala,SHILLONG,INC,0,Graduate Professional,549515421,0,2019
Suresh Kumar Kashyap,SHIMLA,BJP,0,Post Graduate,0,0,2019
B.Y.Raghavendra,SHIMOGA,BJP,2,Graduate Professional,674093851,14150647,2019
Sadashiv Kisan Lokhande,SHIRDI,SHS,1,10th Pass,113710526,205100,2019
Amol Ramsing Kolhe,SHIRUR,NCP,0,Graduate Professional,43351521,1488116,2019
Ram Shiromani,SHRAWASTI,BSP,0,Graduate Professional,19108216,350000,2019
Riti Pathak,SIDHI,BJP,0,Post Graduate,0,0,2019
Sumedhanand Saraswati,SIKAR,BJP,0,Post Graduate,2827638,2719583,2019
Indra Hang Subba,SIKKIM,Sikkim Krantikari Morcha,0,Post Graduate,478817,0,2019
Rajdeep Roy,SILCHAR,BJP,0,Post Graduate,29901767,6976701,2019
Geeta Kora,SINGHBHUM,INC,1,Post Graduate,25249018,1928508,2019
Sunita Duggal,SIRSA,BJP,0,Post Graduate,0,0,2019
Sunil Kumar,SITAMARHI,JD(U),6,Graduate,60717031,10277790,2019
Rajesh Verma,SITAPUR,BJP,1,Post Graduate,73129716,108148,2019
Karti P Chidambaram,SIVAGANGA,INC,8,Graduate Professional,793729024,174081116,2019
Kavita Singh,SIWAN,JD(U),4,Post Graduate,19325264,412511,2019
Shri. Sha. Bra. Dr. Jay Siddeshwar Shivachrya Mahaswamiji,SOLAPUR,BJP,0,Graduate,0,0,2019
Ramesh Chander Kaushik,SONIPAT,BJP,0,Graduate Professional,235859266,0,2019
Ramesh Bidhuri,SOUTH DELHI,BJP,2,Graduate Professional,180052708,2038454,2019
Cosme Francisco Caitano Sardinha,SOUTH GOA,INC,0,Graduate Professional,79402232,0,2019
Kalyan Banerjee,SREERAMPUR,AITC,0,Graduate Professional,175968902,5522403,2019
Rammohannaidu Kinjarapu,SRIKAKULAM,TDP,1,Post Graduate,0,0,2019
Farooq Abdullah,SRINAGAR,Jammu & Kashmir National Conference,1,Graduate Professional,121904435,0,2019
Baalu.T.R.,SRIPERUMBUDUR,DMK,0,Graduate,208806446,0,2019
Maneka Sanjay Gandhi,SULTANPUR,BJP,0,12th Pass,556926451,11935800,2019
Jual Oram,SUNDARGARH,BJP,2,Others,74185014,12743330,2019
Dileshwar Kamait,SUPAUL,JD(U),2,Graduate,0,0,2019
Jardosh Darshnaben Vikrambhai,SURAT,BJP,0,Graduate,23872876,0,2019
Mahendrabhai Munjpara,SURENDRANAGAR,BJP,0,Post Graduate,79084513,14822528,2019
Renuka Singh Saruta,SURGUJA,BJP,0,12th Pass,27682493,3251275,2019
Dibyendu Adhikari,TAMLUK,AITC,1,Graduate,37687867,8397501,2019
Mala Rajya Laxmi Shah,TEHRI GARHWAL,BJP,0,12th Pass,0,0,2019
Dhanush M Kumar,TENKASI,DMK,1,Post Graduate,51360700,2896862,2019
Pallab Lochan Das,TEZPUR,BJP,0,Graduate,14445139,0,2019
Rajan Baburao Vichare,THANE,SHS,9,12th Pass,181441465,54080733,2019
Palanimanickam.S.S,THANJAVUR,DMK,0,Graduate Professional,42452076,2368600,2019
P. Raveendranath Kumar,THENI,AIADMK,0,Post Graduate,0,0,2019
Shashi Tharoor,THIRUVANANTHAPURAM,INC,2,Doctorate,350022585,0,2019
Kanimozhi Karunanidhi,THOOTHUKKUDI,DMK,6,Graduate Professional,303373130,19290928,2019
T. N. Prathapan,THRISSUR,INC,7,12th Pass,8609349,2978120,2019
Virendra Kumar,TIKAMGARH,BJP,0,Doctorate,21503766,1974216,2019
Thirunavukkarasar. Su,TIRUCHIRAPPALLI,INC,0,Post Graduate,0,0,2019
Gnanathiraviam S,TIRUNELVELI,DMK,4,10th Pass,232759237,46149049,2019
Balli Durgaprasad Rao,TIRUPATI,YSRCP,0,Graduate Professional,17426921,0,2019
Subbarayan.K,TIRUPPUR,CPI,0,10th Pass,8035576,500000,2019
Dr.K.Jayakumar,TIRUVALLUR,INC,0,Doctorate,24583769,0,2019
Annadurai C N,TIRUVANNAMALAI,DMK,0,Graduate,0,0,2019
Sukhbir Singh Jaunapuria,TONK SAWAI MADHOPUR,BJP,0,12th Pass,1233802420,0,2019
Rebati Tripura,TRIPURA EAST,BJP,0,Post Graduate,1948315,0,2019
Pratima Bhoumik,TRIPURA WEST,BJP,0,Graduate,642398,0,2019
G S Basavaraj,TUMKUR,BJP,0,Graduate Professional,510779150,113844867,2019
Agatha K. Sangma,TURA,NPP,0,Post Graduate,0,0,2019
Arjunlal Meena,UDAIPUR,BJP,0,Post Graduate,48196946,15602872,2019
Dr. Jitendra Singh,UDHAMPUR,BJP,0,Post Graduate,70827203,0,2019
Shobha Karandlaje,UDUPI CHIKMAGALUR,BJP,3,Post Graduate,104872668,49936840,2019
Nityanand Rai,UJIARPUR,BJP,3,Graduate,187007570,357561,2019
Anil Firojiya,UJJAIN,BJP,0,12th Pass,0,0,2019
Sajda Ahmed,ULUBERIA,AITC,0,Graduate,28351569,5322615,2019
Swami Sachchidanand Hari Sakshi,UNNAO,BJP,4,Doctorate,40886941,699025,2019
Anantkumar Hegde,UTTARA KANNADA,BJP,4,12th Pass,84755455,41016655,2019
K. Muraleedharan,VADAKARA,INC,3,Graduate,114379340,0,2019
Ranjanben Bhatt,VADODARA,BJP,0,12th Pass,0,0,2019
Veena Devi,VAISHALI,LJP,2,10th Pass,337284632,112089220,2019
Baidyanath Prasad Mahto,VALMIKI NAGAR,JD(U),4,10th Pass,17934888,2915945,2019
Dr.K.C.Patel,VALSAD,BJP,0,Graduate Professional,68239480,0,2019
Narendra Modi,VARANASI,BJP,0,Post Graduate,25136119,0,2019
D.M. Kathir Anand,VELLORE,DMK,2,Post Graduate,0,0,2019
Ramakant Bhargava,VIDISHA,BJP,0,12th Pass,30032282,3332012,2019
Srinivas Kesineni,VIJAYAWADA,TDP,0,10th Pass,808152415,512332955,2019
Ravikumar D,VILUPPURAM,DMK,0,Doctorate,6509860,1369031,2019
"Manickam Tagore, B.",VIRUDHUNAGAR,INC,1,Graduate Professional,49705799,3600203,2019
M V V Satyanarayana,VISAKHAPATNAM,YSRCP,1,10th Pass,0,0,2019
Bellana Chandra Sekhar,VIZIANAGARAM,YSRCP,4,Graduate Professional,21035766,11130148,2019
Dayakar Pasnori,WARANGAL,TRS,0,Graduate,24889712,1428227,2019
Ramdas Chandrabhanji Tadas,WARDHA,BJP,0,10th Pass,65807822,8961387,2019
Rahul Gandhi,WAYANAD,INC,5,Post Graduate,158877063,7201904,2019
Parvesh Sahib Singh,WEST DELHI,BJP,0,Post Graduate,0,0,2019
Bhavana Pundlikrao Gawali,YAVATMAL WASHIM,SHS,3,Graduate,96873189,7396250,2019
B.B.Patil,ZAHIRABAD,TRS,18,Graduate,1287851556,11535000,2019
Godam Nagesh,ADILABAD (ST),BJP,1,Post Graduate,30916833,2901575,2024
Prof S P Singh Baghel,AGRA (SC),BJP,0,Doctorate,104358691,5170325,2024
Hasmukhbhai Patel (H.S.Patel),AHMEDABAD EAST,BJP,0,12th Pass,86470298,13515602,2024
Dineshbhai Makwana (Advocate),AHMEDABAD WEST (SC),BJP,0,Graduate Professional,141769586,13222046,2024
Nilesh Dnyandev Lanke,AHMEDNAGAR,Nationalist Congress Party – Sharadchandra Pawar,2,Graduate,0,0,2024
Bhagirath Choudhary,AJMER,BJP,0,12th Pass,133811555,5432413,2024
Devendra Singh Alias Bhole Singh,AKBARPUR,BJP,13,10th Pass,47828524,9902495,2024
Anup Sanjay Dhotre,AKOLA,BJP,1,Graduate,109259962,37201641,2024
K. C Venugopal,ALAPPUZHA,INC,1,Post Graduate,36342460,272817,2024
K.Radhakrishnan,ALATHUR (SC),CPI(M),0,Graduate,0,0,2024
Satish Kumar Gautam,ALIGARH,BJP,0,Graduate,160624125,46570044,2024
Manoj Tigga,ALIPURDUARS (ST),BJP,6,Graduate,5751023,1602698,2024
Ujjwal Raman Singh,ALLAHABAD,INC,0,Graduate Professional,268988675,11996527,2024
Ajay Tamta,ALMORA (SC),BJP,0,Graduate,12381663,1909642,2024
Bhupender Yadav,ALWAR,BJP,0,Graduate Professional,0,0,2024
G M Harish (Balayogi),AMALAPURAM (SC),TDP,0,Graduate Professional,105389128,199712,2024
Varun Chaudhry,AMBALA (SC),INC,0,Graduate Professional,259468388,6173716,2024
Lalji Verma,AMBEDKAR NAGAR,SP,2,Post Graduate,110272584,9885979,2024
Kishori Lal,AMETHI,INC,0,Graduate,127688722,46996348,2024
Balwant Baswant Wankhade,AMRAVATI (SC),INC,1,12th Pass,0,0,2024
Bharatbhai Manubhai Sutariya,AMRELI,BJP,0,10th Pass,8378748,0,2024
Gurjeet Singh Aujla,AMRITSAR,INC,0,Graduate,53508591,13781750,2024
Kanwar Singh Tanwar,AMROHA,BJP,1,8th Pass,2147933326,19897537,2024
C.M.Ramesh,ANAKAPALLE,BJP,5,12th Pass,4976024996,1016183515,2024
Mitesh Patel (Bakabhai),ANAND,BJP,0,Others,0,0,2024
Malvinder Singh Kang,ANANDPUR SAHIB,AAP,0,Post Graduate,41905973,2013285,2024
Ambica G Lakshminarayana Valmiki,ANANTHAPUR,TDP,8,Graduate,47540056,2119559,2024
Mian Altaf Ahmad,ANANTNAG-RAJOURI,Jammu & Kashmir National Conference,0,Graduate Professional,209330000,0,2024
Bishnu Pada Ray,ANDAMAN AND NICOBAR ISLANDS,BJP,0,Graduate,27439170,302788,2024
Neeraj Maurya,AONLA,SP,0,Graduate Professional,0,0,2024
S Jagathratchakan,ARAKKONAM,DMK,2,10th Pass,534587828,6495000000,2024
Gumma Thanuja Rani,ARAKU (ST),YSRCP,0,Graduate Professional,2354678,0,2024
Mitali Bag,ARAMBAG (SC),AITC,0,Post Graduate,784955,431294,2024
Tharaniventhan M S,ARANI,DMK,0,10th Pass,17161977,3563277,2024
Pradeep Kumar Singh,ARARIA,BJP,4,10th Pass,0,0,2024
Sudama Prasad,ARRAH,CPI(ML)(L),3,Graduate,9098946,2921615,2024
Tapir Gao,ARUNACHAL EAST,BJP,0,Post Graduate,150537706,0,2024
Kiren Rijiju,ARUNACHAL WEST,BJP,0,Graduate Professional,49403234,0,2024
Shatrughan Prasad Sinha,ASANSOL,AITC,0,Graduate,2105041638,176081710,2024
Anita Subhadarshini,ASKA,BJP,0,Post Graduate,0,0,2024
Adv Adoor Prakash,ATTINGAL,INC,13,Graduate Professional,180933863,36802602,2024
Bhumare Sandipanrao Asaram,AURANGABAD,Shiv Sena,4,10th Pass,103071866,24587200,2024
Abhay Kumar Sinha,AURANGABAD,RJD,16,12th Pass,107718589,47801483,2024
Dharmendra Yadav,AZAMGARH,SP,4,Post Graduate,135032793,34245511,2024
Aditya Yadav,BADAUN,SP,0,Post Graduate,0,0,2024
Gaddigoudar Parvatgouda Chandangouda,BAGALKOT,BJP,0,Graduate Professional,75855750,24446219,2024
Dr Rajkumar Sangwan,BAGHPAT,Rashtriya Lok Dal,3,Doctorate,4799426,0,2024
Pathan Yusuf,BAHARAMPUR,AITC,0,10th Pass,456304016,119670558,2024
Anand Kumar,BAHRAICH (SC),BJP,0,Doctorate,92623979,14128198,2024
Bharti Pardhi,BALAGHAT,BJP,0,Graduate,0,0,2024
Pratap Chandra Sarangi,BALASORE,BJP,9,Graduate,4959072,0,2024
Sanatan Pandey,BALLIA,SP,2,Others,24950786,624502,2024
Sukanta Majumdar,BALURGHAT,BJP,16,Doctorate,12476825,1125114,2024
Geniben Nagaji Thakor,BANASKANTHA,INC,1,Graduate,8533965,627886,2024
Krishna Devi Shivshanker Patel,BANDA,SP,0,12th Pass,0,0,2024
P C Mohan,BANGALORE CENTRAL,BJP,2,12th Pass,813065207,158634664,2024
Shobha Karandlaje,BANGALORE NORTH,BJP,5,Post Graduate,138866909,40600640,2024
Dr C N Manjunath,BANGALORE RURAL,BJP,0,Post Graduate,983883816,148146673,2024
Tejasvi Surya,BANGALORE SOUTH,BJP,3,Graduate Professional,41030489,0,2024
Shantanu Thakur,BANGAON (SC),BJP,23,Graduate,0,0,2024
Giridhari Yadav,BANKA,JD(U),0,Post Graduate,17281101,5695769,2024
Arup Chakraborty,BANKURA,AITC,0,Graduate Professional,171911710,65685037,2024
Kamlesh Paswan,BANSGAON (SC),BJP,9,Graduate,361830259,35283210,2024
Raj Kumar Roat,BANSWARA (ST),Bharat Adivasi Party,1,Graduate Professional,11731679,2971833,2024
Krishna Prasad Tenneti,BAPATLA (SC),TDP,0,Post Graduate,0,0,2024
Tanuj Punia,BARABANKI (SC),INC,1,Graduate Professional,27131091,243280,2024
Supriya Sule,BARAMATI,Nationalist Congress Party – Sharadchandra Pawar,0,Graduate,1665186348,5500000,2024
Abdul Rashid Sheikh,BARAMULLA,IND,3,Graduate,15637424,1442558,2024
Kakoli Ghosh Dastidar,BARASAT,AITC,2,Post Graduate,75856851,3592730,2024
Dr. Sharmila Sarkar,BARDHAMAN PURBA (SC),AITC,0,Post Graduate,0,0,2024
Parbhubhai Nagarbhai Vasava,BARDOLI (ST),BJP,0,Others,47003506,8455874,2024
Chhatra Pal Singh Gangwar,BAREILLY,BJP,2,Post Graduate,48788862,7044201,2024
Pradeep Purohit,BARGARH,BJP,8,10th Pass,22595410,676737,2024
Ummeda Ram Beniwal,BARMER,INC,0,Graduate,192765969,66244492,2024
Phani Bhusan Choudhury,BARPETA,Asom Gana Parishad,1,Graduate,0,0,2024
Partha Bhowmick,BARRACKPUR,AITC,2,Post Graduate,54235841,11051557,2024
Sk Nurul Islam,BASIRHAT,AITC,0,12th Pass,16002842,0,2024
Mahesh Kashyap,BASTAR (ST),BJP,0,8th Pass,3967309,34980,2024
Ram Prasad Chaudhary,BASTI,SP,4,Others,98152477,3745441,2024
Harsimrat Kaur Badal,BATHINDA,SAD,0,10th Pass,0,0,2024
Bajrang Manohar Sonwane,BEED,Nationalist Congress Party – Sharadchandra Pawar,0,Graduate,289278459,77515217,2024
Giriraj Singh,BEGUSARAI,BJP,3,Graduate,143169297,9000000,2024
Jagadish Shettar,BELGAUM,BJP,0,Graduate Professional,133815982,7166354,2024
E. Tukaram,BELLARY (ST),INC,0,Post Graduate,35267209,12325000,2024
Dr Pradeep Kumar Panigrahy,BERHAMPUR,BJP,9,Doctorate,0,0,2024
Durgadas (D. D.) Uikey,BETUL (ST),BJP,0,Post Graduate,18487232,1182315,2024
Dr. Vinod Kumar Bind,BHADOHI,BJP,0,Graduate Professional,105766111,29313481,2024
Avimanyu Sethi,BHADRAK (SC),BJP,0,Post Graduate,70794290,10659172,2024
Ajay Kumar Mandal,BHAGALPUR,JD(U),0,8th Pass,12232756,4980480,2024
Dr. Prashant Yadaorao Padole,BHANDARA GONDIYA,INC,0,Graduate Professional,0,0,2024
Sanjna Jatav,BHARATPUR (SC),INC,0,Graduate,2310193,715340,2024
Mansukhbhai Dhanjibhai Vasava,BHARUCH,BJP,0,Post Graduate,25499808,1104414,2024
Nimuben Jayantibhai Bambhaniya (Nimuben Bambhaniya),BHAVNAGAR,BJP,0,Graduate Professional,26115193,5829447,2024
Damodar Agarwal,BHILWARA,BJP,1,Post Graduate,71392415,3320600,2024
Sandhya Ray,BHIND (SC),BJP,0,Post Graduate,0,0,2024
Suresh Gopinath Mhatre Alias Balya Mama,BHIWANDI,Nationalist Congress Party – Sharadchandra Pawar,0,12th Pass,1075534826,756559886,2024
Dharambir Singh,BHIWANI-MAHENDRAGARH,BJP,0,Graduate,115664424,0,2024
Chamala Kiran Kumar Reddy,BHONGIR,INC,3,12th Pass,287211468,7348373,2024
Alok Sharma,BHOPAL,BJP,4,Graduate,88625237,13024310,2024
Aparajita Sarangi,BHUBANESWAR,BJP,1,Graduate,0,0,2024
Sagar Eshwar Khandre,BIDAR,INC,0,Graduate Professional,134373930,15000000,2024
Ramesh Jigajinagi,BIJAPUR (SC),BJP,0,Graduate,516315994,68116765,2024
Chandan Chauhan,BIJNOR,Rashtriya Lok Dal,3,Graduate Professional,78426582,2572810,2024
Arjun Ram Meghwal,BIKANER (SC),BJP,0,Post Graduate,37654863,0,2024
Tokhan Sahu,BILASPUR,BJP,0,Post Graduate,0,0,2024
Satabdi Roy,BIRBHUM,AITC,0,Graduate,109245500,20171392,2024
Khan Saumitra,BISHNUPUR (SC),BJP,15,12th Pass,30855712,4672966,2024
Sangeeta Kumari Singh Deo,BOLANGIR,BJP,1,Graduate,673060630,7500000,2024
Asit Kumar Mal,BOLPUR,AITC,0,Graduate,11257405,464417,2024
Dr Bhola Singh,BULANDSHAHR (SC),BJP,1,Graduate,0,0,2024
Jadhav Prataprao Ganpatrao,BULDHANA,Shiv Sena,2,12th Pass,164260448,1467110,2024
Azad Kirti Jha,BURDWAN - DURGAPUR,AITC,1,Graduate,102014033,5738812,2024
Sudhakar Singh,BUXAR,RJD,3,Graduate,67851400,57394347,2024
Benny Behanan,CHALAKUDY,INC,5,Graduate,35020209,7893411,2024
Sunil Bose,CHAMARAJANAGAR (SC),INC,1,12th Pass,0,0,2024
Birendra Singh,CHANDAULI,SP,3,Graduate,188017648,1154113,2024
Manish Tewari,CHANDIGARH,INC,0,Graduate Professional,296842688,24993400,2024
Praveen Khandelwal,CHANDNI CHOWK,BJP,0,Graduate Professional,117039798,60645587,2024
Dhanorkar Pratibha Suresh Alias Balubhau,CHANDRAPUR,INC,0,12th Pass,803722094,552386611,2024
Kali Charan Singh,CHATRA,BJP,2,Graduate,0,0,2024
Dayanidhi Maran,CHENNAI CENTRAL,DMK,4,Graduate,170770037,0,2024
Dr.Kalanidhi Veeraswamy,CHENNAI NORTH,DMK,0,Post Graduate,610614066,383364472,2024
Sumathy T,CHENNAI SOUTH,DMK,0,Doctorate,148658298,17199881,2024
Konda Vishweshwar Reddy,CHEVELLA,BJP,4,Graduate Professional,45682222094,138336195,2024
Bunty Vivek Sahu,CHHINDWARA,BJP,1,Graduate,0,0,2024
Jashubhai Bhilubhai Rathva,CHHOTA UDAIPUR (ST),BJP,1,Graduate,16589045,1940506,2024
Thirumaavalavan Thol,CHIDAMBARAM (SC),Viduthalai Chiruthaigal Katchi,7,Doctorate,24455903,83969,2024
Dr.K.Sudhakar,CHIKKBALLAPUR,BJP,1,Graduate Professional,334163156,203448949,2024
Priyanka Satish Jarkiholi,CHIKKODI,INC,0,Post Graduate,91157625,15743768,2024
Govind Makthappa Karjol,CHITRADURGA (SC),BJP,0,10th Pass,0,0,2024
Daggumalla Prasada Rao,CHITTOOR (SC),TDP,0,Graduate,384493765,80279565,2024
Chandra Prakash Joshi,CHITTORGARH,BJP,0,Graduate Professional,40973304,8627349,2024
Rahul Kaswan,CHURU,INC,0,Graduate,53322989,24417448,2024
Ganapathy Rajkumar P,COIMBATORE,DMK,1,Doctorate,890397608,33284669,2024
Jagadish Chandra Barma Basunia,COOCH BEHAR (SC),AITC,1,Graduate Professional,0,0,2024
M.K. Vishnuprasad,CUDDALORE,INC,1,Graduate Professional,251978580,51111885,2024
Bhartruhari Mahtab,CUTTACK,BJP,1,Post Graduate,199052798,0,2024
Delkar Kalaben Mohanbhai,DADAR & NAGAR HAVELI (ST),BJP,0,Graduate,714454357,15839426,2024
Jaswantsinh Sumanbhai Bhabhor,DAHOD (ST),BJP,0,Graduate Professional,48404861,6287842,2024
Captain Brijesh Chowta,DAKSHINA KANNADA,BJP,1,Graduate,0,0,2024
Patel Umeshbhai Babubhai,DAMAN & DIU,IND,14,Graduate,4752198,406981,2024
Rahul Singh Lodhi,DAMOH,BJP,0,12th Pass,16355135,553202,2024
Gopal Jee Thakur,DARBHANGA,BJP,1,Doctorate,39078830,6875610,2024
Raju Bista,DARJEELING,BJP,2,Graduate,475357268,2794788,2024
Dilip Saikia,DARRANG-UDALGURI,BJP,0,Graduate,0,0,2024
Murari Lal Meena,DAUSA (ST),INC,0,Others,135714010,2166932,2024
Dr. Prabha Mallikarjun,DAVANAGERE,INC,0,Graduate,2412803910,247124278,2024
Shashank Mani,DEORIA,BJP,0,Post Graduate,255540212,0,2024
Mahendra Singh Solanky,DEWAS (SC),BJP,2,Graduate Professional,3817399,2711920,2024
Dulu Mahato,DHANBAD,BJP,22,12th Pass,0,0,2024
Savitri Thakur,DHAR (ST),BJP,0,12th Pass,53107546,6963601,2024
Mani. A.,DHARMAPURI,DMK,1,Graduate Professional,86564403,21287262,2024
Pralhad Joshi,DHARWAD,BJP,0,Graduate,210960953,80123332,2024
Anand Bhadauriya,DHAURAHRA,SP,4,Post Graduate,99723807,960867,2024
Rudra Narayan Pany,DHENKANAL,BJP,8,Graduate,0,0,2024
Rakibul Hussain,DHUBRI,INC,0,Post Graduate,252963888,43646481,2024
Bachhav Shobha Dinesh,DHULE,INC,2,Others,305035058,21160000,2024
Abhishek Banerjee,DIAMOND HARBOUR,AITC,2,Post Graduate,23264563,3600000,2024
Sarbananda Sonowal,DIBRUGARH,BJP,0,Graduate Professional,47585258,2578370,2024
Sachithanantham R,DINDIGUL,CPI(M),9,Graduate,0,0,2024
Bhaskar Murlidhar Bhagare,DINDORI (ST),Nationalist Congress Party – Sharadchandra Pawar,0,Post Graduate,17450827,2444380,2024
Amarsing Tisso,DIPHU (ST),BJP,0,12th Pass,227863561,54075091,2024
Jagdambika Pal,DOMARIYAGANJ,BJP,1,Post Graduate,193536623,7487022,2024
Sougata Ray,DUM DUM,AITC,1,Post Graduate,51230026,0,2024
Nalin Soren,DUMKA (ST),JMM,2,12th Pass,0,0,2024
Vijay Baghel,DURG,BJP,0,Graduate,37162950,3854273,2024
Harsh Malhotra,EAST DELHI,BJP,0,Graduate Professional,40824015,0,2024
Putta Mahesh Kumar,ELURU,TDP,1,Graduate Professional,720851715,200430056,2024
Hibi Eden,ERNAKULAM,INC,10,Graduate,34000696,4454363,2024
K E Prakash,ERODE,DMK,0,Graduate,0,0,2024
Devesh Shakya,ETAH,SP,1,Post Graduate,34061340,442323,2024
Jitendra Kumar Dohare,ETAWAH (SC),SP,0,12th Pass,62250170,3168054,2024
Awadhesh Prasad,FAIZABAD,SP,1,Post Graduate,52967071,1000000,2024
Krishan Pal,FARIDABAD,BJP,0,Graduate Professional,625815843,39847197,2024
Sarabjeet Singh Khalsa,FARIDKOT (SC),IND,0,10th Pass,0,0,2024
Mukesh Rajput,FARRUKHABAD,BJP,0,Graduate,93680840,0,2024
Amar Singh,FATEHGARH SAHIB (SC),INC,0,Post Graduate,54280612,0,2024
Naresh Chandra Uttam Patel,FATEHPUR,SP,0,Post Graduate,49348208,0,2024
Rajkumar Chahar,FATEHPUR SIKRI,BJP,2,Graduate,34176612,1964321,2024
Akshaya Yadav,FIROZABAD,SP,3,Graduate Professional,0,0,2024
Sher Singh Ghubaya,FIROZPUR,INC,0,10th Pass,91161885,4378380,2024
Dr. Kirsan Namdeo,GADCHIROLI - CHIMUR (ST),INC,0,Doctorate,59476042,2828488,2024
Amit Shah,GANDHINAGAR,BJP,3,12th Pass,656712498,4209587,2024
Kuldeep Indora,GANGANAGAR (SC),INC,0,Post Graduate,137189112,17537144,2024
Anil Baluni,GARHWAL,BJP,0,Graduate,0,0,2024
Dr. Mahesh Sharma,GAUTAM BUDDHA NAGAR,BJP,0,Graduate Professional,838209103,22689478,2024
Jitan Ram Manjhi,GAYA (SC),Hindustani Awam Morcha (Secular),6,Graduate,3020578,0,2024
Adhikari Deepak (Dev),GHATAL,AITC,0,Others,371347069,28603907,2024
Atul Garg,GHAZIABAD,BJP,0,12th Pass,269782311,12901326,2024
Afzal Ansari,GHAZIPUR,SP,5,Post Graduate,0,0,2024
Rajeev Rai,GHOSI,SP,1,Doctorate,494188267,62952119,2024
Chandra Prakash Choudhary,GIRIDIH,AJSU Party,2,Graduate,49849182,27031670,2024
Nishikant Dubey,GODDA,BJP,8,Doctorate,746974208,82800000,2024
Kirtivardhan Singh,GONDA,BJP,3,Post Graduate,370796430,11941662,2024
Dr. Alok Kumar Suman,GOPALGANJ (SC),JD(U),0,Post Graduate,0,0,2024
Ravindra Shukla Alias Ravi Kishan,GORAKHPUR,BJP,0,12th Pass,433235340,17814634,2024
Radhakrishna,GULBARGA (SC),INC,1,10th Pass,533899960,72386247,2024
Jyotiraditya M. Scindia,GUNA,BJP,0,Post Graduate,4247494078,4824000,2024
Dr Chandra Sekhar Pemmasani,GUNTUR,TDP,1,Post Graduate,57054727538,10380000000,2024
Sukhjinder Singh Randhawa,GURDASPUR,INC,0,12th Pass,0,0,2024
Rao Inderjit Singh,GURGAON,BJP,0,Graduate Professional,1215422868,133670844,2024
Bijuli Kalita Medhi,GUWAHATI,BJP,0,Post Graduate,16189751,0,2024
Bharat Singh Kushwah,GWALIOR,BJP,0,12th Pass,28809530,6276267,2024
Chirag Paswan,HAJIPUR (SC),Lok Janshakti Party(Ram Vilas),0,12th Pass,26875873,0,2024
Anurag Singh Thakur,HAMIRPUR,BJP,1,Graduate,0,0,2024
Ajendra Singh Lodhi,HAMIRPUR,SP,0,12th Pass,50237175,7485000,2024
Jai Prakash,HARDOI (SC),BJP,0,Graduate,303974608,52512656,2024
Trivendra Singh Rawat,HARIDWAR,BJP,0,Post Graduate,67552039,7500000,2024
Shreyas. M. Patel,HASSAN,INC,1,Graduate,426710045,8880873,2024
Anoop Pradhan Balmiki,HATHRAS (SC),BJP,1,12th Pass,0,0,2024
Dhairyasheel Sambhajirao Mane,HATKANANGALE,Shiv Sena,0,Graduate,45131759,10000000,2024
Basavaraj Bommai,HAVERI,BJP,0,Graduate Professional,539504552,54634074,2024
Manish Jaiswal,HAZARIBAGH,BJP,2,Graduate,362999932,58896276,2024
B K Parthasarathi,HINDUPUR,TDP,15,Graduate,168959895,17890470,2024
Aashtikar Patil Nagesh Bapurao,HINGOLI,ShivSena (Uddhav Balasaheb Thackeray),0,Graduate,0,0,2024
Jai Parkash (J P) S/O Harikesh,HISAR,INC,0,12th Pass,68053567,13194392,2024
Rachna Banerjee,HOOGHLY,AITC,0,12th Pass,355317030,0,2024
Darshan Singh Choudhary,HOSHANGABAD,BJP,0,Post Graduate,9349061,0,2024
Dr. Raj Kumar Chabbewal,HOSHIARPUR (SC),AAP,0,Post Graduate,207695398,84402704,2024
Prasun Banerjee,HOWRAH,AITC,1,Graduate,0,0,2024
Asaduddin Owaisi,HYDERABAD,All India Majlis-E-Ittehadul Muslimeen,5,Graduate Professional,238766044,70500000,2024
Adv. Dean Kuriakose,IDUKKI,INC,88,Post Graduate,20797763,3619970,2024
Shankar Lalwani,INDORE,BJP,0,Graduate Professional,19522412,1009835,2024
Angomcha Bimol Akoijam,INNER MANIPUR,INC,0,Doctorate,9767556,3484121,2024
Ashish Dubey,JABALPUR,BJP,0,Graduate Professional,0,0,2024
Sayani Ghosh,JADAVPUR,AITC,1,12th Pass,9189462,5985716,2024
Bibhu Prasad Tarai,JAGATSINGHPUR (SC),BJP,3,Post Graduate,17974886,950000,2024
Surendra Prasad Yadav,JAHANABAD,RJD,7,Post Graduate,138754448,0,2024
Manju Sharma,JAIPUR,BJP,0,Post Graduate,23661843,4169859,2024
Rao Rajendra Singh,JAIPUR RURAL,BJP,0,Graduate,0,0,2024
Rabindra Narayan Behera,JAJPUR (SC),BJP,0,Doctorate,45567092,0,2024
Charanjit Singh Channi,JALANDHAR (SC),INC,0,Doctorate,102119804,4139547,2024
Narayan Das Ahirwar,JALAUN (SC),SP,0,Graduate Professional,73603801,600000,2024
Smita Uday Wagh,JALGAON,BJP,0,Graduate,87477424,18576577,2024
Kalyan Vaijinathrao Kale,JALNA,INC,2,Others,0,0,2024
Lumbaram,JALORE,BJP,0,10th Pass,19587446,626171,2024
Dr Jayanta Kumar Roy,JALPAIGURI (SC),BJP,0,Post Graduate,19356558,56196,2024
Jugal Kishore,JAMMU,BJP,0,10th Pass,76378942,8013699,2024
Poonamben Hematbhai Maadam,JAMNAGAR,BJP,0,Graduate,1477002341,530000000,2024
Bidyut Baran Mahato,JAMSHEDPUR,BJP,1,12th Pass,0,0,2024
Arun Bharti,JAMUI (SC),Lok Janshakti Party(Ram Vilas),0,Post Graduate,64870319,31204393,2024
Khalilur Rahaman,JANGIPUR,AITC,0,Graduate,514346283,9570794,2024
Kamlesh Jangde,JANJGIR-CHAMPA (SC),BJP,0,Post Graduate,15462143,1380075,2024
Babu Singh Kushwaha,JAUNPUR,SP,25,12th Pass,200149000,28255000,2024
Pratima Mondal,JAYNAGAR (SC),AITC,0,Post Graduate,0,0,2024
Dushyant Singh,JHALAWAR-BARAN,BJP,0,Post Graduate,389308540,86593973,2024
Ramprit Mandal,JHANJHARPUR,JD(U),0,10th Pass,105978772,426593,2024
Anurag Sharma,JHANSI,BJP,0,Post Graduate,2120765800,14948530,2024
Kalipada Saren Kherwal,JHARGRAM (ST),AITC,0,Post Graduate,13023236,205892,2024
Brijendra Singh Ola,JHUNJHUNU,INC,0,Post Graduate,0,0,2024
Gajendra Singh Shekhawat,JODHPUR,BJP,0,Post Graduate,193027658,19862350,2024
Gaurav Gogoi,JORHAT,INC,1,Post Graduate,49061120,0,2024
Chudasama Rajeshbhai Naranbhai,JUNAGADH,BJP,1,12th Pass,33452812,989043,2024
Chavda Vinod Lakhamshi,KACHCHH (SC),BJP,0,Post Graduate,70980147,15605895,2024
Y. S. Avinash Reddy,KADAPA,YSRCP,2,Post Graduate,0,0,2024
Iqra Choudhary,KAIRANA,SP,0,Post Graduate,6874858,884157,2024
Karan Bhushan Singh,KAISERGANJ,BJP,0,Graduate Professional,495681640,229359344,2024
Tangella Uday Srinivas (Tea Time Uday),KAKINADA,Janasena Party,1,12th Pass,311535620,36210120,2024
Malvika Devi,KALAHANDI,BJP,0,Graduate,418901050,0,2024
Malaiyarasan D,KALLAKURICHI,DMK,4,Post Graduate,0,0,2024
Dr Shrikant Eknath Shinde,KALYAN,Shiv Sena,0,Post Graduate,149208812,66320443,2024
Selvam. G,KANCHEEPURAM (SC),DMK,0,Post Graduate,23615126,3112213,2024
Sukanta Kumar Panigrahi,KANDHAMAL,BJP,4,Post Graduate,7071617,0,2024
Dr Rajeev Bhardwaj,KANGRA,BJP,0,Graduate Professional,58723886,424821,2024
Bhojraj Nag,KANKER (ST),BJP,0,8th Pass,0,0,2024
Akhilesh Yadav,KANNAUJ,SP,3,Graduate Professional,420262015,9985548,2024
Vijayakumar Alias Vijay Vasanth,KANNIYAKUMARI,INC,8,Post Graduate,642730752,30616359,2024
K. Sudhakaran,KANNUR,INC,14,Post Graduate,62979919,5933624,2024
Ramesh Awasthi,KANPUR,BJP,0,Post Graduate,52936608,6148728,2024
Adhikari Soumendu,KANTHI,BJP,6,Post Graduate,0,0,2024
Raja Ram Singh,KARAKAT,CPI(ML)(L),3,Graduate,25919942,1900000,2024
Bhajan Lal Jatav,KARAULI-DHOLPUR (SC),INC,1,10th Pass,33282184,18978157,2024
Kripanath Mallah,KARIMGANJ,BJP,0,Graduate,18862404,6314782,2024
Bandi Sanjay Kumar,KARIMNAGAR,BJP,42,Post Graduate,11275000,1340000,2024
Manohar Lal,KARNAL,BJP,0,Graduate,0,0,2024
Jothimani. S,KARUR,INC,1,Post Graduate,15352373,1454722,2024
Rajmohan Unnithan,KASARAGOD,INC,6,Graduate,32432135,678829,2024
Tariq Anwar,KATIHAR,INC,0,Graduate,196057169,0,2024
Pushpendra Saroj,KAUSHAMBI (SC),SP,0,Graduate,15231655,5000000,2024
Kamakhya Prasad Tasa,KAZIRANGA,BJP,0,Post Graduate,0,0,2024
Baijayant Panda,KENDRAPARA,BJP,8,Graduate Professional,1480878708,9850836,2024
Ananta Nayak,KEONJHAR (ST),BJP,1,Others,8486265,176548,2024
Amritpal Singh,KHADOOR SAHIB,IND,12,10th Pass,1838440,0,2024
Rajesh Verma,KHAGARIA,Lok Janshakti Party(Ram Vilas),12,Graduate Professional,53894412,40745130,2024
Vishnu Datt Sharma (V.D.Sharma),KHAJURAHO,BJP,1,Post Graduate,0,0,2024
Ramasahayam Raghuram Reddy,KHAMMAM,INC,1,Others,582770537,95482677,2024
Gyaneshwar Patil,KHANDWA,BJP,1,12th Pass,72237099,5446068,2024
Gajendra Singh Patel,KHARGONE (ST),BJP,0,Graduate Professional,99824946,4497445,2024
Devusinh Chauhan,KHEDA,BJP,0,Graduate Professional,34976572,4996647,2024
Utkarsh Verma (Madhur),KHERI,SP,0,Graduate,0,0,2024
Kali Charan Munda,KHUNTI (ST),INC,0,12th Pass,5407803,0,2024
Mohammad Jawed,KISHANGANJ,INC,0,Graduate Professional,159675943,16562000,2024
Annpurna Devi,KODARMA,BJP,2,Post Graduate,128282857,7885853,2024
Joyanta Basumatary,KOKRAJHAR (ST),"United Peoples Party, Liberal",1,Graduate,22865797,0,2024
M. Mallesh Babu,KOLAR (SC),Janata Dal (Secular),1,Post Graduate,0,0,2024
Chhatrapati Shahu Shahaji,KOLHAPUR,INC,1,Graduate,3428668000,0,2024
Mala Roy,KOLKATA DAKSHIN,AITC,1,Graduate,15397092,795517,2024
Bandyopadhyay Sudip,KOLKATA UTTAR,AITC,2,Graduate,84812907,0,2024
N K Premachandran,KOLLAM,Revolutionary Socialist Party,5,Graduate Professional,31194899,3800000,2024
K. Rajashekar Basavaraj Hitnal,KOPPAL,INC,3,12th Pass,0,0,2024
Saptagiri Sankar Ulaka,KORAPUT (ST),INC,0,Graduate Professional,70956659,16002929,2024
Jyotsna Charandas Mahant,KORBA,INC,0,Post Graduate,179626733,500000,2024
Om Birla,KOTA,BJP,0,Post Graduate,106206645,0,2024
Adv K Francis George,KOTTAYAM,Kerala Congress,5,Graduate Professional,95196318,1300000,2024
M. K. Raghavan,KOZHIKODE,INC,4,Graduate,0,0,2024
Gopinath K,KRISHNAGIRI,INC,0,10th Pass,123405500,11498082,2024
Mahua Moitra,KRISHNANAGAR,AITC,1,Graduate,35067166,0,2024
Bastipati Nagaraju Panchalingala,KURNOOL,TDP,0,Post Graduate,90176000,1936439,2024
Naveen Jindal,KURUKSHETRA,BJP,9,Post Graduate,12414768000,73706000,2024
Vijay Kumar Dubay,KUSHI NAGAR,BJP,2,12th Pass,0,0,2024
Mohmad Haneefa,LADAKH,IND,0,10th Pass,32761570,150000,2024
Pradan Baruah,LAKHIMPUR,BJP,0,Others,24205536,2269660,2024
Muhammed Hamdullah Sayeed,LAKSHADWEEP,INC,0,Graduate Professional,148548173,0,2024
Daroga Prasad Saroj,LALGANJ (SC),SP,3,Graduate,53876725,0,2024
Dr. Kalge Shivaji Bandappa,LATUR (SC),INC,0,Graduate Professional,0,0,2024
Sukhdeo Bhagat,LOHARDAGA (ST),INC,1,Post Graduate,24688449,12414241,2024
Raj Nath Singh,LUCKNOW,BJP,0,Post Graduate,73684617,0,2024
Amrinder Singh Raja Warring,LUDHIANA,INC,0,10th Pass,177243256,44673348,2024
Priya Saroj,MACHHLISHAHR (SC),SP,2,Graduate Professional,1125719,0,2024
Balashowry Vallabhaneni,MACHILIPATNAM,Janasena Party,2,Post Graduate,0,0,2024
Mohite-Patil Dhairyasheel Rajsinh,MADHA,Nationalist Congress Party – Sharadchandra Pawar,36,Post Graduate,489434188,205027212,2024
Dinesh Chandra Yadav,MADHEPURA,JD(U),0,Others,66209377,0,2024
Ashok Kumar Yadav,MADHUBANI,BJP,2,Doctorate,58583773,10224706,2024
Venkatesan S,MADURAI,CPI(M),3,12th Pass,20536639,0,2024
Balram Naik Porika,MAHABUBABAD (ST),INC,6,10th Pass,0,0,2024
Pankaj Chaudhary,MAHARAJGANJ,BJP,0,12th Pass,419010509,38247129,2024
Janardan Singh (Sigriwal),MAHARAJGANJ,BJP,5,Graduate,17536436,0,2024
Roop Kumari Choudhary,MAHASAMUND,BJP,0,Post Graduate,53908562,2116025,2024
Aruna. D. K,MAHBUBNAGAR,BJP,6,12th Pass,667569871,16132436,2024
Haribhai Patel,MAHESANA,BJP,0,Others,0,0,2024
Dimple Yadav,MAINPURI,SP,0,Graduate,420262015,9985548,2024
E.T. Mohammed Basheer,MALAPPURAM,Indian Union Muslim League,1,10th Pass,20252293,0,2024
Isha Khan Choudhury,MALDAHA DAKSHIN,INC,0,Graduate,14810368,0,2024
Khagen Murmu,MALDAHA UTTAR,BJP,7,Graduate,13590846,234412,2024
Eatala Rajender,MALKAJGIRI,BJP,45,Graduate,0,0,2024
Kangna Ranaut,MANDI,BJP,8,12th Pass,916631239,173886641,2024
Faggan Singh Kulaste,MANDLA (ST),BJP,0,Post Graduate,53526381,3380099,2024
Sudheer Gupta,MANDSOUR,BJP,1,Post Graduate,192884642,58453495,2024
H.D. Kumaraswamy,MANDYA,Janata Dal (Secular),3,Graduate,2172328789,821806608,2024
Hemamalini Dharmendra Deol,MATHURA,BJP,0,Doctorate,0,0,2024
Bapi Haldar,MATHURAPUR (SC),AITC,1,Graduate,24530801,58849,2024
Shrirang Appa Chandu Barne,MAVAL,Shiv Sena,3,10th Pass,1318591631,8528711,2024
Kodikunnil Suresh,MAVELIKKARA (SC),INC,6,Graduate Professional,15312324,880986,2024
Sudha R,MAYILADUTHURAI,INC,10,Post Graduate,3862830,0,2024
Naba Charan Majhi,MAYURBHANJ (ST),BJP,1,Graduate,0,0,2024
Madhavaneni Raghunandan Rao,MEDAK,BJP,29,Graduate Professional,220907289,121178789,2024
June Maliah,MEDINIPUR,AITC,0,10th Pass,66018642,17920738,2024
Arun Govil,MEERUT,BJP,0,Graduate,144400261,1464028,2024
Anupriya Patel,MIRZAPUR,Apna Dal (Soneylal),2,Post Graduate,42241754,9805603,2024
Ashok Kumar Rawat,MISRIKH (SC),BJP,0,Post Graduate,0,0,2024
Richard Vanlalhmangaiha,MIZORAM (ST),Zoram Peoples Movement,0,Graduate,16919233,0,2024
R.K. Chaudhary,MOHANLALGANJ (SC),SP,2,Graduate Professional,28384459,0,2024
Ruchi Vira,MORADABAD,SP,0,Graduate,280588320,0,2024
Shivmangal Singh Tomar,MORENA,BJP,0,Graduate Professional,22614911,4430205,2024
Piyush Goyal,MUMBAI NORTH,BJP,0,Graduate Professional,0,0,2024
Gaikwad Varsha Eknath,MUMBAI NORTH - CENTRAL,INC,7,Post Graduate,76848656,10160000,2024
Sanjay Dina Patil,MUMBAI NORTH - EAST,ShivSena (Uddhav Balasaheb Thackeray),0,Graduate,39911145,0,2024
Ravindra Dattaram Waikar,MUMBAI NORTH - WEST,Shiv Sena,3,Graduate,545049854,44810574,2024
Arvind Ganpat Sawant,MUMBAI SOUTH,ShivSena (Uddhav Balasaheb Thackeray),1,Graduate,50485191,0,2024
Anil Yeshwant Desai,MUMBAI SOUTH - CENTRAL,ShivSena (Uddhav Balasaheb Thackeray),0,Graduate Professional,0,0,2024
Rajiv Ranjan Singh Alias Lalan Singh,MUNGER,JD(U),0,Graduate,138228639,2915378,2024
Abu Taher Khan,MURSHIDABAD,AITC,3,10th Pass,38476131,0,2024
Harendra Singh Malik,MUZAFFARNAGAR,SP,1,Graduate,90780765,1129635,2024
Raj Bhushan Choudhary,MUZAFFARPUR,BJP,0,Post Graduate,205295066,54608134,2024
Yaduveer Krishnadatta Chamaraja Wadiyar,MYSORE,BJP,0,Graduate,0,0,2024
Balabhadra Majhi,NABARANGPUR (ST),BJP,2,Graduate,78863561,1124732,2024
S Supongmeren Jamir,NAGALAND,INC,0,Graduate Professional,2100868,556528,2024
Pradyut Bordoloi,NAGAON,INC,0,Post Graduate,83915436,1299774,2024
Selvaraj V,NAGAPATTINAM (SC),CPI,1,Post Graduate,11062368,2853957,2024
Dr.Mallu Ravi,NAGARKURNOOL (SC),INC,6,Graduate Professional,0,0,2024
Hanuman Beniwal,NAGAUR,Rashtriya Loktantrik Party,1,Graduate Professional,8110760,0,2024
Chandrashekhar,NAGINA (SC),Aazad Samaj Party (Kanshi Ram),36,Graduate Professional,3986581,0,2024
Nitin Jairam Gadkari,NAGPUR,BJP,10,Doctorate,280317321,62230174,2024
Ajay Bhatt,NAINITAL-UDHAM SINGH NAGAR,BJP,0,Graduate Professional,48714988,1905347,2024
Kaushalendra Kumar,NALANDA,JD(U),0,12th Pass,0,0,2024
Kunduru Raghuveer,NALGONDA,INC,2,12th Pass,355731499,176679000,2024
Matheswaran V S,NAMAKKAL,DMK,3,10th Pass,47297973,5039079,2024
Vasantrao Balwantrao Chavan,NANDED,INC,1,12th Pass,36785180,1423663,2024
Adv Gowaal Kagada Padavi,NANDURBAR (ST),INC,0,Post Graduate,70170431,7817614,2024
Dr Byreddy Shabari,NANDYAL,TDP,2,Post Graduate,0,0,2024
Bhupathi Raju Srinivasa Varma,NARSAPURAM,BJP,0,Post Graduate,71664809,16926961,2024
Lavu Srikrishna Devarayalu,NARSARAOPET,TDP,0,Graduate Professional,566548466,68088135,2024
Rajabhau (Parag) Prakash Waje,NASHIK,ShivSena (Uddhav Balasaheb Thackeray),0,Graduate,158637378,1918865,2024
C R Patil,NAVSARI,BJP,0,Others,394930044,27582988,2024
Vivek Thakur,NAWADA,BJP,0,Post Graduate,0,0,2024
Prabhakar Reddy Vemireddy,NELLORE,TDP,6,Graduate,7163322265,1972962603,2024
Bansuri Swaraj,NEW DELHI,BJP,0,Post Graduate,192946528,0,2024
Raja A,NILGIRIS (SC),DMK,7,Graduate Professional,69362170,1900484,2024
Arvind Dharmapuri,NIZAMABAD,BJP,22,Post Graduate,1099020273,306681918,2024
Manoj Tiwari,NORTH EAST DELHI,BJP,2,Post Graduate,0,0,2024
Shripad Yesso Naik,NORTH GOA,BJP,0,Graduate,108683533,508675,2024
Yogender Chandoliya,NORTH WEST DELHI (SC),BJP,2,Graduate,27623483,938900,2024
Magunta Sreenivasulu Reddy,ONGOLE,TDP,0,Graduate,579539820,276323277,2024
Omprakash Bhupalsinh Alias Pavan Rajenimbalkar,OSMANABAD,ShivSena (Uddhav Balasaheb Thackeray),2,Graduate Professional,75325549,251709,2024
Alfred Kanngam S Arthur,OUTER MANIPUR (ST),INC,0,12th Pass,0,0,2024
V K Sreekandan,PALAKKAD,INC,5,Graduate,12421358,5462812,2024
Vishnu Dayal Ram,PALAMU (SC),BJP,0,Graduate,39081116,1237580,2024
Dr. Hemant Vishnu Savara,PALGHAR (ST),BJP,0,Graduate Professional,81622050,10776056,2024
P. P. Chaudhary,PALI,BJP,0,Graduate Professional,407176661,19486942,2024
Rajpalsinh Mahendrasinh Jadav,PANCHMAHAL,BJP,0,12th Pass,0,0,2024
Jadhav Sanjay ( Bandu ) Haribhau,PARBHANI,ShivSena (Uddhav Balasaheb Thackeray),6,10th Pass,102706523,47495341,2024
Dr.Sanjay Jaiswal,PASCHIM CHAMPARAN,BJP,5,Post Graduate,290535126,13525,2024
Misha Bharti,PATALIPUTRA,RJD,6,Graduate Professional,102619562,11462479,2024
Dabhi Bharatsinhji Shankarji,PATAN,BJP,0,Graduate,68430049,2957861,2024
Anto Antony,PATHANAMTHITTA,INC,5,Graduate,0,0,2024
Dr Dharamvira Gandhi,PATIALA,INC,0,Post Graduate,85341885,0,2024
Ravi Shankar Prasad,PATNA SAHIB,BJP,0,Post Graduate,406098345,0,2024
Vamsi Krishna Gaddam,PEDDAPALLE (SC),INC,0,Graduate,240976163,1776000,2024
Arun Nehru,PERAMBALUR,DMK,0,Post Graduate,816197502,191395432,2024
Praveen Patel,PHULPUR,BJP,0,Post Graduate,0,0,2024
Jitin Prasada,PILIBHIT,BJP,0,Post Graduate,298925408,0,2024
Eswarasamy K,POLLACHI,DMK,1,10th Pass,345276957,94557521,2024
Dr. M.P Abdussamad Samadani,PONNANI,Indian Union Muslim League,1,Doctorate,21977344,0,2024
Dr. Mansukh Mandaviya,PORBANDAR,BJP,0,Doctorate,79504705,0,2024
Shiv Pal Singh Patel (Dr. S P Singh),PRATAPGARH,SP,0,Post Graduate,0,0,2024
Ve Vaithilingam,PUDUCHERRY,INC,0,Graduate,157249699,0,2024
Murlidhar Mohol,PUNE,BJP,3,Graduate,243244483,148557877,2024
Sambit Patra,PURI,BJP,1,Post Graduate,19806997,0,2024
Rajesh Ranjan Alias Pappu Yadav,PURNIA,IND,41,Graduate,120884682,17236808,2024
Jyotirmay Singh Mahato,PURULIA,BJP,3,Graduate Professional,0,0,2024
Radha Mohan Singh,PURVI CHAMPARAN,BJP,2,Graduate,42965416,2941310,2024
Rahul Gandhi,RAE BARELI,INC,18,Post Graduate,203961862,4979184,2024
G. Kumar Naik,RAICHUR (ST),INC,0,Graduate Professional,334128505,50402456,2024
Tatkare Sunil Dattatrey,RAIGAD,NCP,0,Others,145768773,114520,2024
Kartick Chandra Paul,RAIGANJ,BJP,0,Graduate,0,0,2024
Radheshyam Rathiya,RAIGARH (ST),BJP,0,12th Pass,10650781,124610,2024
Brijmohan Agrawal,RAIPUR,BJP,0,Post Graduate,180219000,9233000,2024
Daggubati Purandheshwari,RAJAHMUNDRY,BJP,1,Graduate,625041146,69860440,2024
P V Midhun Reddy,RAJAMPET,YSRCP,0,Post Graduate,1468501685,560918969,2024
Rodmal Nagar,RAJGARH,BJP,0,Graduate,0,0,2024
Parshottambhai Rupala,RAJKOT,BJP,3,Graduate Professional,174316673,195000,2024
Vijay Kumar Hansdak,RAJMAHAL (ST),JMM,0,10th Pass,62011168,16981136,2024
Santosh Pandey,RAJNANDGAON,BJP,1,Graduate Professional,42916375,3229688,2024
Mahima Kumari Mewar,RAJSAMAND,BJP,0,Graduate,11376000,0,2024
K Navaskani,RAMANATHAPURAM,Indian Union Muslim League,1,12th Pass,0,0,2024
Mohibbullah,RAMPUR,SP,3,Post Graduate,4505342,0,2024
Shyamkumar Daulat Barve,RAMTEK (SC),INC,2,12th Pass,42894953,16152299,2024
Jagannath Sarkar,RANAGHAT (SC),BJP,4,Graduate Professional,22328968,0,2024
Sanjay Seth,RANCHI,BJP,2,Graduate Professional,24152085,3244306,2024
Anita Nagarsingh Chouhan,RATLAM (ST),BJP,0,Post Graduate,0,0,2024
Narayan Tatu Rane,RATNAGIRI - SINDHUDURG,BJP,7,10th Pass,1088739226,293710906,2024
Khadse Raksha Nikhil,RAVER,BJP,0,Graduate,182117790,7736381,2024
Janardan Mishra S/O Ramdhar Prasad Mishra,REWA,BJP,0,Graduate Professional,50938896,10536551,2024
Chhotelal,ROBERTSGANJ (SC),SP,0,5th Pass,19997783,6954692,2024
Deepender Singh Hooda,ROHTAK,INC,0,Post Graduate,0,0,2024
Shobhanaben Mahendrasinh Baraiya,SABARKANTHA,BJP,0,12th Pass,31828842,12744653,2024
Dr. Lata Wankhede,SAGAR,BJP,0,Doctorate,173410882,13800070,2024
Imran Masood,SAHARANPUR,INC,8,12th Pass,55502166,0,2024
Selvaganapathi T M,SALEM,DMK,1,Post Graduate,754021976,261456676,2024
Ramashankar Rajbhar,SALEMPUR,SP,0,Graduate,0,0,2024
Shambhavi,SAMASTIPUR (SC),Lok Janshakti Party(Ram Vilas),0,Post Graduate,45406719,17250997,2024
Dharmendra Pradhan,SAMBALPUR,BJP,5,Post Graduate,69219190,5337781,2024
Zia Ur Rehman,SAMBHAL,SP,6,Graduate Professional,18967476,0,2024
Vishal (Dada) Prakashbapu Patil,SANGLI,IND,9,Graduate,299065726,82679549,2024
Gurmeet Singh Hayer,SANGRUR,AAP,2,Graduate Professional,0,0,2024
Laxmikant Pappu Nishad,SANT KABIR NAGAR,SP,3,12th Pass,33728000,3500000,2024
Rajiv Pratap Rudy,SARAN,BJP,0,Post Graduate,83711219,656891,2024
Manoj Kumar,SASARAM (SC),INC,1,Graduate,32491416,2400000,2024
Shrimant Chh Udayanraje Pratapsinhamaharaj Bhonsle,SATARA,BJP,4,12th Pass,2231233939,24463842,2024
Ganesh Singh,SATNA,BJP,3,Post Graduate,0,0,2024
G. Kishan Reddy,SECUNDERABAD,BJP,0,Others,192241721,16300000,2024
Smt. Himadri Singh,SHAHDOL (ST),BJP,0,Graduate,50180267,4284426,2024
Arun Kumar Sagar,SHAHJAHANPUR (SC),BJP,0,12th Pass,58317453,2521626,2024
Lovely Anand,SHEOHAR,JD(U),0,Graduate,94553723,3169916,2024
Dr. Ricky Andrew J. Syngkon,SHILLONG (ST),Voice of the People Party,0,Doctorate,0,0,2024
Suresh Kumar Kashyap,SHIMLA (SC),BJP,0,Post Graduate,44442736,5105342,2024
B.Y.Raghavendra,SHIMOGA,BJP,1,Graduate,737145310,136106691,2024
Bhausaheb Rajaram Wakchaure,SHIRDI (SC),ShivSena (Uddhav Balasaheb Thackeray),0,Graduate Professional,97519221,2432000,2024
Dr. Amol Ramsing Kolhe,SHIRUR,Nationalist Congress Party – Sharadchandra Pawar,0,Graduate Professional,84207251,44971049,2024
Ram Shiromani Verma,SHRAWASTI,SP,0,Graduate Professional,0,0,2024
Dr. Rajesh Mishra,SIDHI,BJP,1,Post Graduate,144008066,18427959,2024
Amraram,SIKAR,CPI(M),0,Post Graduate,4050109,0,2024
Indra Hang Subba,SIKKIM,Sikkim Krantikari Morcha,0,Doctorate,14845772,5000000,2024
Parimal Suklabaidya,SILCHAR (SC),BJP,0,Graduate,17257627,0,2024
Joba Majhi,SINGHBHUM (ST),JMM,0,10th Pass,0,0,2024
Selja,SIRSA (SC),INC,0,Post Graduate,420655803,0,2024
Devesh Chandra Thakur,SITAMARHI,JD(U),1,Graduate Professional,88465387,0,2024
Rakesh Rathor,SITAPUR,INC,1,Graduate,42107005,8288936,2024
Karti P Chidambaram,SIVAGANGA,INC,11,Graduate Professional,962744048,234850274,2024
Vijaylakshmi Devi,SIWAN,JD(U),0,Literate,0,0,2024
Praniti Sushilkumar Shinde,SOLAPUR (SC),INC,3,Graduate Professional,66070402,0,2024
Satpal Brahamchari,SONIPAT,INC,0,Graduate,16073608,0,2024
Ranjit Dutta,SONITPUR,BJP,0,12th Pass,89792194,24261374,2024
Ramvir Singh Bidhuri,SOUTH DELHI,BJP,1,Graduate,526419941,1000000,2024
Captain Viriato Fernandes,SOUTH GOA,INC,1,Graduate Professional,0,0,2024
Kalyan Banerjee,SREERAMPUR,AITC,0,Graduate Professional,305479471,1360398,2024
Kinjarapu Rammohan Naidu,SRIKAKULAM,TDP,4,Post Graduate,233073561,29863859,2024
Aga Syed Ruhullah Mehdi,SRINAGAR,Jammu & Kashmir National Conference,0,12th Pass,35793000,438000,2024
T R Baalu,SRIPERUMBUDUR,DMK,0,Graduate,457302056,80646000,2024
Rambhual Nishad,SULTANPUR,SP,8,Graduate,0,0,2024
Jual Oram,SUNDARGARH (ST),BJP,3,12th Pass,86325870,10361616,2024
Dileshwar Kamait,SUPAUL,JD(U),1,Graduate,36191958,0,2024
Mukeshkumar Chandrakaant Dalal,SURAT,BJP,0,Post Graduate,178013262,17957360,2024
Chandubhai Chhaganbhai Shihora,SURENDRANAGAR,BJP,0,12th Pass,5808789,266907,2024
Chintamani Maharaj,SURGUJA (ST),BJP,0,12th Pass,0,0,2024
Abhijit Gangopadhyay,TAMLUK,BJP,0,Graduate Professional,46255624,5077654,2024
Mala Rajya Lakshmi Shah,TEHRI GARHWAL,BJP,0,12th Pass,2068739424,179000000,2024
Dr Rani Sri Kumar,TENKASI (SC),DMK,0,Post Graduate,21375000,988040,2024
Naresh Ganpat Mhaske,THANE,Shiv Sena,2,12th Pass,262602215,46063890,2024
Murasoli S,THANJAVUR,DMK,6,Graduate Professional,0,0,2024
Thanga Tamilselvan,THENI,DMK,17,Post Graduate,49850594,0,2024
Gurumoorthy Maddila,THIRUPATHI (SC),YSRCP,0,Graduate Professional,13249134,1097657,2024
Shashi Tharoor,THIRUVANANTHAPURAM,INC,12,Doctorate,560656126,0,2024
Kanimozhi Karunanidhi,THOOTHUKKUDI,DMK,2,Graduate,604056590,6060187,2024
Suresh Gopi,THRISSUR,BJP,4,Post Graduate,0,0,2024
Dr. Virendra Kumar,TIKAMGARH (SC),BJP,0,Doctorate,28837006,0,2024
Durai Vaiko,TIRUCHIRAPPALLI,Marumalarchi Dravida Munnetra Kazhagam,0,Post Graduate,359084317,25569046,2024
Robert Bruce C,TIRUNELVELI,INC,1,Post Graduate,92662888,1022299,2024
K Subbarayan,TIRUPPUR,CPI,1,10th Pass,10431271,150462,2024
Sasikanth Senthil,TIRUVALLUR (SC),INC,0,Graduate Professional,0,0,2024
C N Annadurai,TIRUVANNAMALAI,DMK,0,Graduate,203686311,19156956,2024
Harish Chandra Meena,TONK-SAWAI MADHOPUR,INC,0,Graduate,230794780,0,2024
Kriti Devi Debbarman,TRIPURA EAST (ST),BJP,0,Others,859232932,1525809,2024
Biplab Kumar Deb,TRIPURA WEST,BJP,0,Graduate,49923347,0,2024
V. Somanna,TUMKUR,BJP,1,Graduate,0,0,2024
Saleng A Sangma,TURA (ST),INC,0,Post Graduate,40049264,5708458,2024
Manna Lal Rawat,UDAIPUR (ST),BJP,0,Doctorate,27125206,242000,2024
Dr Jitendra Singh,UDHAMPUR,BJP,0,Post Graduate,85905005,0,2024
Kota Srinivas Poojary,UDUPI CHIKMAGALUR,BJP,0,5th Pass,29470510,10444645,2024
Nityanand Rai,UJIARPUR,BJP,3,Graduate,0,0,2024
Anil Firojiya,UJJAIN (SC),BJP,0,12th Pass,88159766,30346543,2024
Sajda Ahmed,ULUBERIA,AITC,0,Graduate,44042025,0,2024
Swami Sachchidanand Hari Sakshi,UNNAO,BJP,2,Doctorate,67226281,0,2024
Hegde Vishweshwar,UTTARA KANNADA,BJP,0,Graduate,167409004,0,2024
Shafi Parambil,VADAKARA,INC,47,Post Graduate,0,0,2024
Dr. Hemang Joshi,VADODARA,BJP,0,Post Graduate,10388939,3180318,2024
Veena Devi,VAISHALI,Lok Janshakti Party(Ram Vilas),3,10th Pass,467170049,164762876,2024
Sunil Kumar,VALMIKI NAGAR,JD(U),0,Graduate,12764194,6502981,2024
Dhaval Laxmanbhai Patel,VALSAD (ST),BJP,0,Post Graduate,67850853,0,2024
Narendra Modi,VARANASI,BJP,0,Post Graduate,0,0,2024
Dm Kathir Anand,VELLORE,DMK,5,Post Graduate,887965643,511658487,2024
Shivraj Singh Chouhan,VIDISHA,BJP,1,Post Graduate,89852874,6411905,2024
Kesineni Sivanath (Chinni),VIJAYAWADA,TDP,0,Graduate Professional,292066245,261740856,2024
Ravikumar. D,VILUPPURAM (SC),Viduthalai Chiruthaigal Katchi,0,Doctorate,9787136,0,2024
Manickam Tagore B,VIRUDHUNAGAR,INC,1,Graduate Professional,0,0,2024
Sribharat Mathukumili,VISAKHAPATNAM,TDP,2,Post Graduate,2989586580,18964522,2024
Appalanaidu Kalisetti,VIZIANAGARAM,TDP,0,Graduate Professional,62365187,6670915,2024
Kadiyam Kavya,WARANGAL (SC),INC,0,Post Graduate,15501028,10259201,2024
Amar Sharadrao Kale,WARDHA,Nationalist Congress Party – Sharadchandra Pawar,0,12th Pass,106175044,29504353,2024
Rahul Gandhi,WAYANAD,INC,18,Post Graduate,0,0,2024
Kamaljeet Sehrawat,WEST DELHI,BJP,0,Post Graduate,147436650,11857294,2024
Sanjay Uttamrao Deshmukh,YAVATMAL - WASHIM,ShivSena (Uddhav Balasaheb Thackeray),0,Graduate,284422940,94874636,2024
Suresh Kumar Shetkar,ZAHIRABAD,INC,1,Graduate,107711726,6447401,2024
