Type,Area (Sq Km),Male,Female,Population Total,Male SC,Female SC,Total SC,Male ST,Female ST,Total ST,Male Literates,Female Literates,Total Literates,State
Rural,8211,"1,26,287  (33.2%)","1,10,806  (29.1%)","2,37,093  (62.3%)",-,-,-,"13,837  (3.6%)","12,878  (3.4%)","26,715  (7.0%)","99,960  (26.3%)","78,065  (20.5%)","1,78,025  (46.8%)",Andaman and Nicobar Islands
Urban,37,"76,584  (20.1%)","66,904  (17.6%)","1,43,488  (37.7%)",-,-,-,894  (0.2%),921  (0.2%),"1,815  (0.5%)","64,417  (16.9%)","51,839  (13.6%)","1,16,256  (30.5%)",Andaman and Nicobar Islands
Total,8249,"2,02,871  (53.3%)","1,77,710  (46.7%)","3,80,581  (100.0%)",-,-,-,"14,731  (3.9%)","13,799  (3.6%)","28,530  (7.5%)","1,64,377  (43.2%)","1,29,904  (34.1%)","2,94,281  (77.3%)",Andaman and Nicobar Islands
Rural,-,"5,46,011  (39.5%)","5,20,347  (37.6%)","10,66,358  (77.1%)",-,-,-,"3,90,625  (28.2%)","3,99,221  (28.9%)","7,89,846  (57.1%)","3,09,390  (22.4%)","2,26,512  (16.4%)","5,35,902  (38.7%)",Arunachal Pradesh
Urban,-,"1,67,901  (12.1%)","1,49,468  (10.8%)","3,17,369  (22.9%)",-,-,-,"77,765  (5.6%)","84,210  (6.1%)","1,61,975  (11.7%)","1,30,478  (9.4%)","99,625  (7.2%)","2,30,103  (16.6%)",Arunachal Pradesh
Total,83743,"7,13,912  (51.6%)","6,69,815  (48.4%)","13,83,727  (100.0%)",-,-,-,"4,68,390  (33.8%)","4,83,431  (34.9%)","9,51,821  (68.8%)","4,39,868  (31.8%)","3,26,137  (23.6%)","7,66,005  (55.4%)",Arunachal Pradesh
Rural,77178,"1,36,78,989  (43.8%)","1,31,28,045  (42.1%)","2,68,07,034  (85.9%)","9,38,664  (3.0%)","8,87,097  (2.8%)","18,25,761  (5.9%)","18,47,326  (5.9%)","18,18,079  (5.8%)","36,65,405  (11.7%)","87,06,193  (27.9%)","69,79,243  (22.4%)","1,56,85,436  (50.3%)",Assam
Urban,1259,"22,60,454  (7.2%)","21,38,088  (6.9%)","43,98,542  (14.1%)","2,06,650  (0.7%)","1,98,910  (0.6%)","4,05,560  (1.3%)","1,09,679  (0.4%)","1,09,287  (0.4%)","2,18,966  (0.7%)","18,62,446  (6.0%)","16,30,095  (5.2%)","34,92,541  (11.2%)",Assam
Total,78438,"1,59,39,443  (51.1%)","1,52,66,133  (48.9%)","3,12,05,576  (100.0%)","11,45,314  (3.7%)","10,86,007  (3.5%)","22,31,321  (7.2%)","19,57,005  (6.3%)","19,27,366  (6.2%)","38,84,371  (12.4%)","1,05,68,639  (33.9%)","86,09,338  (27.6%)","1,91,77,977  (61.5%)",Assam
Rural,91838,"4,80,73,850  (46.2%)","4,42,67,586  (42.5%)","9,23,41,436  (88.7%)","79,64,360  (7.7%)","73,79,855  (7.1%)","1,53,44,215  (14.7%)","6,48,535  (0.6%)","6,22,316  (0.6%)","12,70,851  (1.2%)","2,72,41,830  (26.2%)","1,75,70,322  (16.9%)","4,48,12,152  (43.0%)",Bihar
Urban,2324,"62,04,307  (6.0%)","55,53,709  (5.3%)","1,17,58,016  (11.3%)","6,41,893  (0.6%)","5,81,217  (0.6%)","12,23,110  (1.2%)","33,981  (0.0%)","31,741  (0.0%)","65,722  (0.1%)","43,66,193  (4.2%)","33,26,208  (3.2%)","76,92,401  (7.4%)",Bihar
Total,94163,"5,42,78,157  (52.1%)","4,98,21,295  (47.9%)","10,40,99,452  (100.0%)","86,06,253  (8.3%)","79,61,072  (7.6%)","1,65,67,325  (15.9%)","6,82,516  (0.7%)","6,54,057  (0.6%)","13,36,573  (1.3%)","3,16,08,023  (30.4%)","2,08,96,530  (20.1%)","5,25,04,553  (50.4%)",Bihar
Rural,4,"17,150  (1.6%)","11,841  (1.1%)","28,991  (2.7%)","2,776  (0.3%)","2,198  (0.2%)","4,974  (0.5%)",-,-,-,"12,752  (1.2%)","7,209  (0.7%)","19,961  (1.9%)",Chandigarh
Urban,109,"5,63,513  (53.4%)","4,62,946  (43.9%)","10,26,459  (97.3%)","1,03,580  (9.8%)","90,532  (8.6%)","1,94,112  (18.4%)",-,-,-,"4,52,594  (42.9%)","3,32,883  (31.5%)","7,85,477  (74.4%)",Chandigarh
Total,114,"5,80,663  (55.0%)","4,74,787  (45.0%)","10,55,450  (100.0%)","1,06,356  (10.1%)","92,730  (8.8%)","1,99,086  (18.9%)",-,-,-,"4,65,346  (44.1%)","3,40,092  (32.2%)","8,05,438  (76.3%)",Chandigarh
Rural,131810,"97,97,426  (38.4%)","98,10,535  (38.4%)","1,96,07,961  (76.8%)","12,58,559  (4.9%)","12,53,390  (4.9%)","25,11,949  (9.8%)","35,77,134  (14.0%)","36,53,948  (14.3%)","72,31,082  (28.3%)","64,03,012  (25.1%)","46,05,944  (18.0%)","1,10,08,956  (43.1%)",Chhattisgarh
Urban,3381,"30,35,469  (11.9%)","29,01,768  (11.4%)","59,37,237  (23.2%)","3,83,179  (1.5%)","3,79,141  (1.5%)","7,62,320  (3.0%)","2,96,057  (1.2%)","2,95,763  (1.2%)","5,91,820  (2.3%)","24,04,881  (9.4%)","19,66,085  (7.7%)","43,70,966  (17.1%)",Chhattisgarh
Total,135192,"1,28,32,895  (50.2%)","1,27,12,303  (49.8%)","2,55,45,198  (100.0%)","16,41,738  (6.4%)","16,32,531  (6.4%)","32,74,269  (12.8%)","38,73,191  (15.2%)","39,49,711  (15.5%)","78,22,902  (30.6%)","88,07,893  (34.5%)","65,72,029  (25.7%)","1,53,79,922  (60.2%)",Chhattisgarh
Rural,445,"98,305  (28.6%)","84,809  (24.7%)","1,83,114  (53.3%)",771  (0.2%),525  (0.2%),"1,296  (0.4%)","75,049  (21.8%)","75,895  (22.1%)","1,50,944  (43.9%)","64,050  (18.6%)","35,092  (10.2%)","99,142  (28.8%)",Dadra and Nagar Haveli and Daman and Diu
Urban,45,"95,455  (27.8%)","65,140  (19.0%)","1,60,595  (46.7%)","2,568  (0.7%)","2,322  (0.7%)","4,890  (1.4%)","13,795  (4.0%)","13,825  (4.0%)","27,620  (8.0%)","78,471  (22.8%)","45,617  (13.3%)","1,24,088  (36.1%)",Dadra and Nagar Haveli and Daman and Diu
Total,491,"1,93,760  (56.4%)","1,49,949  (43.6%)","3,43,709  (100.0%)","3,339  (1.0%)","2,847  (0.8%)","6,186  (1.8%)","88,844  (25.8%)","89,720  (26.1%)","1,78,564  (52.0%)","1,42,521  (41.5%)","80,709  (23.5%)","2,23,230  (64.9%)",Dadra and Nagar Haveli and Daman and Diu
Rural,56,"32,395  (13.3%)","28,001  (11.5%)","60,396  (24.8%)","1,108  (0.5%)","1,059  (0.4%)","2,167  (0.9%)","3,843  (1.6%)","3,774  (1.6%)","7,617  (3.1%)","25,529  (10.5%)","17,560  (7.2%)","43,089  (17.7%)",Daman and Diu
Urban,54,"1,17,906  (48.5%)","64,945  (26.7%)","1,82,851  (75.2%)","2,043  (0.8%)","1,914  (0.8%)","3,957  (1.6%)","3,928  (1.6%)","3,818  (1.6%)","7,746  (3.2%)","99,114  (40.7%)","46,203  (19.0%)","1,45,317  (59.7%)",Daman and Diu
Total,111,"1,50,301  (61.8%)","92,946  (38.2%)","2,43,247  (100.0%)","3,151  (1.3%)","2,973  (1.2%)","6,124  (2.5%)","7,771  (3.2%)","7,592  (3.1%)","15,363  (6.3%)","1,24,643  (51.2%)","63,763  (26.2%)","1,88,406  (77.5%)",Daman and Diu
Rural,326,"2,26,321  (1.3%)","1,92,721  (1.1%)","4,19,042  (2.5%)","43,818  (0.3%)","38,365  (0.2%)","82,183  (0.5%)",-,-,-,"1,74,327  (1.0%)","1,22,273  (0.7%)","2,96,600  (1.8%)",Delhi
Urban,1156,"87,61,005  (52.2%)","76,07,894  (45.3%)","1,63,68,899  (97.5%)","14,44,982  (8.6%)","12,85,144  (7.7%)","27,30,126  (16.3%)",-,-,-,"70,20,529  (41.8%)","54,20,638  (32.3%)","1,24,41,167  (74.1%)",Delhi
Total,1483,"89,87,326  (53.5%)","78,00,615  (46.5%)","1,67,87,941  (100.0%)","14,88,800  (8.9%)","13,23,509  (7.9%)","28,12,309  (16.8%)",-,-,-,"71,94,856  (42.9%)","55,42,911  (33.0%)","1,27,37,767  (75.9%)",Delhi
Rural,2903,"2,75,436  (18.9%)","2,76,295  (18.9%)","5,51,731  (37.8%)","4,634  (0.3%)","4,827  (0.3%)","9,461  (0.6%)","43,263  (3.0%)","44,376  (3.0%)","87,639  (6.0%)","2,27,143  (15.6%)","2,04,128  (14.0%)","4,31,271  (29.6%)",Goa
Urban,798,"4,63,704  (31.8%)","4,43,110  (30.4%)","9,06,814  (62.2%)","7,993  (0.5%)","7,995  (0.5%)","15,988  (1.1%)","29,685  (2.0%)","31,951  (2.2%)","61,636  (4.2%)","3,88,680  (26.6%)","3,45,536  (23.7%)","7,34,216  (50.3%)",Goa
Total,3702,"7,39,140  (50.7%)","7,19,405  (49.3%)","14,58,545  (100.0%)","12,627  (0.9%)","12,822  (0.9%)","25,449  (1.7%)","72,948  (5.0%)","76,327  (5.2%)","1,49,275  (10.2%)","6,15,823  (42.2%)","5,49,664  (37.7%)","11,65,487  (79.9%)",Goa
Rural,188840,"1,77,99,159  (29.4%)","1,68,95,450  (28.0%)","3,46,94,609  (57.4%)","11,76,107  (1.9%)","11,05,466  (1.8%)","22,81,573  (3.8%)","40,42,691  (6.7%)","39,79,157  (6.6%)","80,21,848  (13.3%)","1,24,67,643  (20.6%)","89,53,199  (14.8%)","2,14,20,842  (35.4%)",Gujarat
Urban,7403,"1,36,92,101  (22.7%)","1,20,52,982  (19.9%)","2,57,45,083  (42.6%)","9,34,224  (1.5%)","8,58,650  (1.4%)","17,92,874  (3.0%)","4,58,698  (0.8%)","4,36,628  (0.7%)","8,95,326  (1.5%)","1,10,07,230  (18.2%)","86,65,286  (14.3%)","1,96,72,516  (32.5%)",Gujarat
Total,196244,"3,14,91,260  (52.1%)","2,89,48,432  (47.9%)","6,04,39,692  (100.0%)","21,10,331  (3.5%)","19,64,116  (3.2%)","40,74,447  (6.7%)","45,01,389  (7.4%)","44,15,785  (7.3%)","89,17,174  (14.8%)","2,34,74,873  (38.8%)","1,76,18,485  (29.2%)","4,10,93,358  (68.0%)",Gujarat
Rural,42235,"87,74,006  (34.6%)","77,35,353  (30.5%)","1,65,09,359  (65.1%)","19,73,294  (7.8%)","17,46,815  (6.9%)","37,20,109  (14.7%)",-,-,-,"61,40,099  (24.2%)","40,18,343  (15.9%)","1,01,58,442  (40.1%)",Haryana
Urban,1976,"47,20,728  (18.6%)","41,21,375  (16.3%)","88,42,103  (34.9%)","7,36,362  (2.9%)","6,57,144  (2.6%)","13,93,506  (5.5%)",-,-,-,"36,53,968  (14.4%)","27,86,578  (11.0%)","64,40,546  (25.4%)",Haryana
Total,44212,"1,34,94,734  (53.2%)","1,18,56,728  (46.8%)","2,53,51,462  (100.0%)","27,09,656  (10.7%)","24,03,959  (9.5%)","51,13,615  (20.2%)",-,-,-,"97,94,067  (38.6%)","68,04,921  (26.8%)","1,65,98,988  (65.5%)",Haryana
Rural,55402,"31,10,345  (45.3%)","30,65,705  (44.7%)","61,76,050  (90.0%)","8,12,072  (11.8%)","7,94,463  (11.6%)","16,06,535  (23.4%)","1,86,896  (2.7%)","1,87,496  (2.7%)","3,74,392  (5.5%)","24,37,821  (35.5%)","20,33,915  (29.6%)","44,71,736  (65.1%)",Himachal Pradesh
Urban,270,"3,71,528  (5.4%)","3,17,024  (4.6%)","6,88,552  (10.0%)","64,228  (0.9%)","58,489  (0.9%)","1,22,717  (1.8%)","9,222  (0.1%)","8,512  (0.1%)","17,734  (0.3%)","3,14,769  (4.6%)","2,53,231  (3.7%)","5,68,000  (8.3%)",Himachal Pradesh
Total,55673,"34,81,873  (50.7%)","33,82,729  (49.3%)","68,64,602  (100.0%)","8,76,300  (12.8%)","8,52,952  (12.4%)","17,29,252  (25.2%)","1,96,118  (2.9%)","1,96,008  (2.9%)","3,92,126  (5.7%)","27,52,590  (40.1%)","22,87,146  (33.3%)","50,39,736  (73.4%)",Himachal Pradesh
Rural,220990,"47,74,477  (38.1%)","43,33,583  (34.6%)","91,08,060  (72.6%)","3,92,981  (3.1%)","3,58,045  (2.9%)","7,51,026  (6.0%)","7,30,075  (5.8%)","6,76,758  (5.4%)","14,06,833  (11.2%)","28,91,749  (23.1%)","18,56,201  (14.8%)","47,47,950  (37.9%)",Jammu and Kashmir
Urban,1245,"18,66,185  (14.9%)","15,67,057  (12.5%)","34,33,242  (27.4%)","93,251  (0.7%)","80,714  (0.6%)","1,73,965  (1.4%)","46,182  (0.4%)","40,284  (0.3%)","86,466  (0.7%)","13,72,922  (10.9%)","9,46,361  (7.5%)","23,19,283  (18.5%)",Jammu and Kashmir
Total,222236,"66,40,662  (53.0%)","59,00,640  (47.0%)","1,25,41,302  (100.0%)","4,86,232  (3.9%)","4,38,759  (3.5%)","9,24,991  (7.4%)","7,76,257  (6.2%)","7,17,042  (5.7%)","14,93,299  (11.9%)","42,64,671  (34.0%)","28,02,562  (22.3%)","70,67,233  (56.4%)",Jammu and Kashmir
Rural,77467,"1,27,76,486  (38.7%)","1,22,78,587  (37.2%)","2,50,55,073  (76.0%)","16,12,513  (4.9%)","15,40,350  (4.7%)","31,52,863  (9.6%)","39,28,323  (11.9%)","39,39,827  (11.9%)","78,68,150  (23.9%)","76,82,731  (23.3%)","49,60,347  (15.0%)","1,26,43,078  (38.3%)",Jharkhand
Urban,2248,"41,53,829  (12.6%)","37,79,232  (11.5%)","79,33,061  (24.0%)","4,30,945  (1.3%)","4,01,836  (1.2%)","8,32,781  (2.5%)","3,87,084  (1.2%)","3,89,808  (1.2%)","7,76,892  (2.4%)","31,99,788  (9.7%)","24,85,203  (7.5%)","56,84,991  (17.2%)",Jharkhand
Total,79716,"1,69,30,315  (51.3%)","1,60,57,819  (48.7%)","3,29,88,134  (100.0%)","20,43,458  (6.2%)","19,42,186  (5.9%)","39,85,644  (12.1%)","43,15,407  (13.1%)","43,29,635  (13.1%)","86,45,042  (26.2%)","1,08,82,519  (33.0%)","74,45,550  (22.6%)","1,83,28,069  (55.6%)",Jharkhand
Rural,185783,"1,89,29,354  (31.0%)","1,85,39,981  (30.3%)","3,74,69,335  (61.3%)","37,71,506  (6.2%)","37,24,257  (6.1%)","74,95,763  (12.3%)","17,23,762  (2.8%)","17,06,029  (2.8%)","34,29,791  (5.6%)","1,28,93,437  (21.1%)","97,55,739  (16.0%)","2,26,49,176  (37.1%)",Karnataka
Urban,6007,"1,20,37,303  (19.7%)","1,15,88,659  (19.0%)","2,36,25,962  (38.7%)","14,93,039  (2.4%)","14,86,190  (2.4%)","29,79,229  (4.9%)","4,10,992  (0.7%)","4,08,204  (0.7%)","8,19,196  (1.3%)","96,15,034  (15.7%)","83,83,112  (13.7%)","1,79,98,146  (29.5%)",Karnataka
Total,191791,"3,09,66,657  (50.7%)","3,01,28,640  (49.3%)","6,10,95,297  (100.0%)","52,64,545  (8.6%)","52,10,447  (8.5%)","1,04,74,992  (17.1%)","21,34,754  (3.5%)","21,14,233  (3.5%)","42,48,987  (7.0%)","2,25,08,471  (36.8%)","1,81,38,851  (29.7%)","4,06,47,322  (66.5%)",Karnataka
Rural,31253,"84,08,054  (25.2%)","90,63,081  (27.1%)","1,74,71,135  (52.3%)","8,83,819  (2.6%)","9,34,462  (2.8%)","18,18,281  (5.4%)","2,13,208  (0.6%)","2,19,884  (0.7%)","4,33,092  (1.3%)","71,32,430  (21.4%)","74,16,890  (22.2%)","1,45,49,320  (43.6%)",Kerala
Urban,7598,"76,19,358  (22.8%)","83,15,568  (24.9%)","1,59,34,926  (47.7%)","5,93,989  (1.8%)","6,27,303  (1.9%)","12,21,292  (3.7%)","24,995  (0.1%)","26,752  (0.1%)","51,747  (0.2%)","65,72,473  (19.7%)","70,14,031  (21.0%)","1,35,86,504  (40.7%)",Kerala
Total,38852,"1,60,27,412  (48.0%)","1,73,78,649  (52.0%)","3,34,06,061  (100.0%)","14,77,808  (4.4%)","15,61,765  (4.7%)","30,39,573  (9.1%)","2,38,203  (0.7%)","2,46,636  (0.7%)","4,84,839  (1.5%)","1,37,04,903  (41.0%)","1,44,30,921  (43.2%)","2,81,35,824  (84.2%)",Kerala
Rural,8,"7,243  (11.2%)","6,898  (10.7%)","14,141  (21.9%)",-,-,-,"6,752  (10.5%)","6,711  (10.4%)","13,463  (20.9%)","5,949  (9.2%)","5,339  (8.3%)","11,288  (17.5%)",Lakshadweep
Urban,21,"25,880  (40.1%)","24,452  (37.9%)","50,332  (78.1%)",-,-,-,"23,763  (36.9%)","23,894  (37.1%)","47,657  (73.9%)","22,074  (34.2%)","19,191  (29.8%)","41,265  (64.0%)",Lakshadweep
Total,30,"33,123  (51.4%)","31,350  (48.6%)","64,473  (100.0%)",-,-,-,"30,515  (47.3%)","30,605  (47.5%)","61,120  (94.8%)","28,023  (43.5%)","24,530  (38.0%)","52,553  (81.5%)",Lakshadweep
Rural,300505,"2,71,49,388  (37.4%)","2,54,08,016  (35.0%)","5,25,57,404  (72.4%)","43,11,490  (5.9%)","39,56,512  (5.4%)","82,68,002  (11.4%)","71,87,769  (9.9%)","70,89,105  (9.8%)","1,42,76,874  (19.7%)","1,70,54,982  (23.5%)","1,12,27,004  (15.5%)","2,82,81,986  (38.9%)",Madhya Pradesh
Urban,7746,"1,04,62,918  (14.4%)","96,06,487  (13.2%)","2,00,69,405  (27.6%)","15,97,148  (2.2%)","14,77,170  (2.0%)","30,74,318  (4.2%)","5,31,635  (0.7%)","5,08,275  (0.7%)","10,39,910  (1.4%)","81,19,346  (11.2%)","64,49,837  (8.9%)","1,45,69,183  (20.1%)",Madhya Pradesh
Total,308252,"3,76,12,306  (51.8%)","3,50,14,503  (48.2%)","7,26,26,809  (100.0%)","59,08,638  (8.1%)","54,33,682  (7.5%)","1,13,42,320  (15.6%)","77,19,404  (10.6%)","75,97,380  (10.5%)","1,53,16,784  (21.1%)","2,51,74,328  (34.7%)","1,76,76,841  (24.3%)","4,28,51,169  (59.0%)",Madhya Pradesh
Rural,298628,"3,15,39,034  (28.1%)","3,00,17,040  (26.7%)","6,15,56,074  (54.8%)","38,25,053  (3.4%)","36,69,766  (3.3%)","74,94,819  (6.7%)","45,40,456  (4.0%)","44,65,621  (4.0%)","90,06,077  (8.0%)","2,33,91,475  (20.8%)","1,80,91,286  (16.1%)","4,14,82,761  (36.9%)",Maharashtra
Urban,9084,"2,67,04,022  (23.8%)","2,41,14,237  (21.5%)","5,08,18,259  (45.2%)","29,42,706  (2.6%)","28,38,373  (2.5%)","57,81,079  (5.1%)","7,74,569  (0.7%)","7,29,567  (0.6%)","15,04,136  (1.3%)","2,18,66,109  (19.5%)","1,82,05,420  (16.2%)","4,00,71,529  (35.7%)",Maharashtra
Total,307713,"5,82,43,056  (51.8%)","5,41,31,277  (48.2%)","11,23,74,333  (100.0%)","67,67,759  (6.0%)","65,08,139  (5.8%)","1,32,75,898  (11.8%)","53,15,025  (4.7%)","51,95,188  (4.6%)","1,05,10,213  (9.4%)","4,52,57,584  (40.3%)","3,62,96,706  (32.3%)","8,15,54,290  (72.6%)",Maharashtra
Rural,22147,"8,78,469  (34.2%)","8,57,767  (33.4%)","17,36,236  (67.5%)","24,126  (0.9%)","23,437  (0.9%)","47,563  (1.9%)","3,96,464  (15.4%)","3,94,662  (15.4%)","7,91,126  (30.8%)","6,30,291  (24.5%)","5,12,273  (19.9%)","11,42,564  (44.5%)",Manipur
Urban,179,"4,11,702  (16.0%)","4,22,452  (16.4%)","8,34,154  (32.5%)","24,588  (1.0%)","24,891  (1.0%)","49,479  (1.9%)","54,423  (2.1%)","57,191  (2.2%)","1,11,614  (4.3%)","3,29,724  (12.8%)","2,95,893  (11.5%)","6,25,617  (24.3%)",Manipur
Total,22327,"12,90,171  (50.2%)","12,80,219  (49.8%)","25,70,390  (100.0%)","48,714  (1.9%)","48,328  (1.9%)","97,042  (3.8%)","4,50,887  (17.5%)","4,51,853  (17.6%)","9,02,740  (35.1%)","9,60,015  (37.3%)","8,08,166  (31.4%)","17,68,181  (68.8%)",Manipur
Rural,22146,"11,94,260  (40.3%)","11,77,179  (39.7%)","23,71,439  (79.9%)","6,086  (0.2%)","5,487  (0.2%)","11,573  (0.4%)","10,70,557  (36.1%)","10,66,334  (35.9%)","21,36,891  (72.0%)","6,75,636  (22.8%)","6,39,518  (21.6%)","13,15,154  (44.3%)",Meghalaya
Urban,282,"2,97,572  (10.0%)","2,97,878  (10.0%)","5,95,450  (20.1%)","3,071  (0.1%)","2,711  (0.1%)","5,782  (0.2%)","1,99,171  (6.7%)","2,19,799  (7.4%)","4,18,970  (14.1%)","2,38,243  (8.0%)","2,31,608  (7.8%)","4,69,851  (15.8%)",Meghalaya
Total,22429,"14,91,832  (50.3%)","14,75,057  (49.7%)","29,66,889  (100.0%)","9,157  (0.3%)","8,198  (0.3%)","17,355  (0.6%)","12,69,728  (42.8%)","12,86,133  (43.3%)","25,55,861  (86.1%)","9,13,879  (30.8%)","8,71,126  (29.4%)","17,85,005  (60.2%)",Meghalaya
Rural,20494,"2,69,135  (24.5%)","2,56,300  (23.4%)","5,25,435  (47.9%)",209  (0.0%),89  (0.0%),298  (0.0%),"2,57,987  (23.5%)","2,49,480  (22.7%)","5,07,467  (46.3%)","1,95,400  (17.8%)","1,67,934  (15.3%)","3,63,334  (33.1%)",Mizoram
Urban,587,"2,86,204  (26.1%)","2,85,567  (26.0%)","5,71,771  (52.1%)",598  (0.1%),322  (0.0%),920  (0.1%),"2,58,307  (23.5%)","2,70,341  (24.6%)","5,28,648  (48.2%)","2,43,129  (22.2%)","2,41,712  (22.0%)","4,84,841  (44.2%)",Mizoram
Total,21081,"5,55,339  (50.6%)","5,41,867  (49.4%)","10,97,206  (100.0%)",807  (0.1%),411  (0.0%),"1,218  (0.1%)","5,16,294  (47.1%)","5,19,821  (47.4%)","10,36,115  (94.4%)","4,38,529  (40.0%)","4,09,646  (37.3%)","8,48,175  (77.3%)",Mizoram
Rural,16335,"7,25,472  (36.7%)","6,82,064  (34.5%)","14,07,536  (71.1%)",-,-,-,"6,65,351  (33.6%)","6,41,487  (32.4%)","13,06,838  (66.1%)","4,84,021  (24.5%)","4,12,642  (20.9%)","8,96,663  (45.3%)",Nagaland
Urban,243,"2,99,177  (15.1%)","2,71,789  (13.7%)","5,70,966  (28.9%)",-,-,-,"2,00,676  (10.1%)","2,03,459  (10.3%)","4,04,135  (20.4%)","2,39,936  (12.1%)","2,05,835  (10.4%)","4,45,771  (22.5%)",Nagaland
Total,16579,"10,24,649  (51.8%)","9,53,853  (48.2%)","19,78,502  (100.0%)",-,-,-,"8,66,027  (43.8%)","8,44,946  (42.7%)","17,10,973  (86.5%)","7,23,957  (36.6%)","6,18,477  (31.3%)","13,42,434  (67.9%)",Nagaland
Rural,152355,"1,75,86,203  (41.9%)","1,73,84,359  (41.4%)","3,49,70,562  (83.3%)","31,27,719  (7.5%)","30,90,923  (7.4%)","62,18,642  (14.8%)","44,28,522  (10.6%)","45,66,445  (10.9%)","89,94,967  (21.4%)","1,21,54,552  (29.0%)","92,23,363  (22.0%)","2,13,77,915  (50.9%)",Odisha
Urban,3351,"36,25,933  (8.6%)","33,77,723  (8.0%)","70,03,656  (16.7%)","4,90,089  (1.2%)","4,79,732  (1.1%)","9,69,821  (2.3%)","2,99,210  (0.7%)","2,96,579  (0.7%)","5,95,789  (1.4%)","29,35,129  (7.0%)","24,29,551  (5.8%)","53,64,680  (12.8%)",Odisha
Total,155707,"2,12,12,136  (50.5%)","2,07,62,082  (49.5%)","4,19,74,218  (100.0%)","36,17,808  (8.6%)","35,70,655  (8.5%)","71,88,463  (17.1%)","47,27,732  (11.3%)","48,63,024  (11.6%)","95,90,756  (22.8%)","1,50,89,681  (35.9%)","1,16,52,914  (27.8%)","2,67,42,595  (63.7%)",Odisha
Rural,335,"1,94,907  (15.6%)","2,00,293  (16.0%)","3,95,200  (31.7%)","53,793  (4.3%)","56,632  (4.5%)","1,10,425  (8.8%)",-,-,-,"1,50,490  (12.1%)","1,30,392  (10.4%)","2,80,882  (22.5%)",Puducherry
Urban,154,"4,17,604  (33.5%)","4,35,149  (34.9%)","8,52,753  (68.3%)","41,719  (3.3%)","44,181  (3.5%)","85,900  (6.9%)",-,-,-,"3,46,888  (27.8%)","3,29,539  (26.4%)","6,76,427  (54.2%)",Puducherry
Total,490,"6,12,511  (49.1%)","6,35,442  (50.9%)","12,47,953  (100.0%)","95,512  (7.7%)","1,00,813  (8.1%)","1,96,325  (15.7%)",-,-,-,"4,97,378  (39.9%)","4,59,931  (36.9%)","9,57,309  (76.7%)",Puducherry
Rural,47847,"90,93,476  (32.8%)","82,50,716  (29.7%)","1,73,44,192  (62.5%)","33,96,329  (12.2%)","31,00,657  (11.2%)","64,96,986  (23.4%)",-,-,-,"61,58,807  (22.2%)","48,38,850  (17.4%)","1,09,97,657  (39.6%)",Punjab
Urban,2514,"55,45,989  (20.0%)","48,53,157  (17.5%)","1,03,99,146  (37.5%)","12,43,546  (4.5%)","11,19,647  (4.0%)","23,63,193  (8.5%)",-,-,-,"42,77,249  (15.4%)","34,32,231  (12.4%)","77,09,480  (27.8%)",Punjab
Total,50362,"1,46,39,465  (52.8%)","1,31,03,873  (47.2%)","2,77,43,338  (100.0%)","46,39,875  (16.7%)","42,20,304  (15.2%)","88,60,179  (31.9%)",-,-,-,"1,04,36,056  (37.6%)","82,71,081  (29.8%)","1,87,07,137  (67.4%)",Punjab
Rural,335606,"2,66,41,747  (38.9%)","2,48,58,605  (36.3%)","5,15,00,352  (75.1%)","49,58,563  (7.2%)","45,78,400  (6.7%)","95,36,963  (13.9%)","44,54,816  (6.5%)","42,38,307  (6.2%)","86,93,123  (12.7%)","1,69,04,589  (24.7%)","95,67,197  (14.0%)","2,64,71,786  (38.6%)",Rajasthan
Urban,6632,"89,09,250  (13.0%)","81,38,835  (11.9%)","1,70,48,085  (24.9%)","13,97,001  (2.0%)","12,87,629  (1.9%)","26,84,630  (3.9%)","2,88,127  (0.4%)","2,57,284  (0.4%)","5,45,411  (0.8%)","67,83,823  (9.9%)","50,19,673  (7.3%)","1,18,03,496  (17.2%)",Rajasthan
Total,342239,"3,55,50,997  (51.9%)","3,29,97,440  (48.1%)","6,85,48,437  (100.0%)","63,55,564  (9.3%)","58,66,029  (8.6%)","1,22,21,593  (17.8%)","47,42,943  (6.9%)","44,95,591  (6.6%)","92,38,534  (13.5%)","2,36,88,412  (34.6%)","1,45,86,870  (21.3%)","3,82,75,282  (55.8%)",Rajasthan
Rural,7057,"2,42,797  (39.8%)","2,14,202  (35.1%)","4,56,999  (74.8%)","10,496  (1.7%)","9,839  (1.6%)","20,335  (3.3%)","86,059  (14.1%)","81,087  (13.3%)","1,67,146  (27.4%)","1,84,245  (30.2%)","1,37,685  (22.5%)","3,21,930  (52.7%)",Sikkim
Urban,38,"80,273  (13.1%)","73,305  (12.0%)","1,53,578  (25.2%)","3,958  (0.6%)","3,982  (0.7%)","7,940  (1.3%)","19,202  (3.1%)","20,012  (3.3%)","39,214  (6.4%)","67,024  (11.0%)","55,998  (9.2%)","1,23,022  (20.1%)",Sikkim
Total,7096,"3,23,070  (52.9%)","2,87,507  (47.1%)","6,10,577  (100.0%)","14,454  (2.4%)","13,821  (2.3%)","28,275  (4.6%)","1,05,261  (17.2%)","1,01,099  (16.6%)","2,06,360  (33.8%)","2,51,269  (41.2%)","1,93,683  (31.7%)","4,44,952  (72.9%)",Sikkim
Rural,116427,"1,86,79,065  (25.9%)","1,85,50,525  (25.7%)","3,72,29,590  (51.6%)","47,36,003  (6.6%)","47,39,472  (6.6%)","94,75,475  (13.1%)","3,33,178  (0.5%)","3,27,102  (0.5%)","6,60,280  (0.9%)","1,36,65,839  (18.9%)","1,08,36,356  (15.0%)","2,45,02,195  (34.0%)",Tamil Nadu
Urban,13632,"1,74,58,910  (24.2%)","1,74,58,530  (24.2%)","3,49,17,440  (48.4%)","24,68,684  (3.4%)","24,94,286  (3.5%)","49,62,970  (6.9%)","67,890  (0.1%)","66,527  (0.1%)","1,34,417  (0.2%)","1,43,74,652  (19.9%)","1,29,60,660  (18.0%)","2,73,35,312  (37.9%)",Tamil Nadu
Total,130060,"3,61,37,975  (50.1%)","3,60,09,055  (49.9%)","7,21,47,030  (100.0%)","72,04,687  (10.0%)","72,33,758  (10.0%)","1,44,38,445  (20.0%)","4,01,068  (0.6%)","3,93,629  (0.5%)","7,94,697  (1.1%)","2,80,40,491  (38.9%)","2,37,97,016  (33.0%)","5,18,37,507  (71.8%)",Tamil Nadu
Rural,10094,"13,87,173  (37.8%)","13,25,291  (36.1%)","27,12,464  (73.8%)","2,24,498  (6.1%)","2,13,495  (5.8%)","4,37,993  (11.9%)","5,63,908  (15.3%)","5,53,658  (15.1%)","11,17,566  (30.4%)","10,81,503  (29.4%)","9,11,270  (24.8%)","19,92,773  (54.2%)",Tripura
Urban,391,"4,87,203  (13.3%)","4,74,250  (12.9%)","9,61,453  (26.2%)","1,09,872  (3.0%)","1,07,053  (2.9%)","2,16,925  (5.9%)","24,419  (0.7%)","24,828  (0.7%)","49,247  (1.3%)","4,19,866  (11.4%)","3,92,144  (10.7%)","8,12,010  (22.1%)",Tripura
Total,10486,"18,74,376  (51.0%)","17,99,541  (49.0%)","36,73,917  (100.0%)","3,34,370  (9.1%)","3,20,548  (8.7%)","6,54,918  (17.8%)","5,88,327  (16.0%)","5,78,486  (15.7%)","11,66,813  (31.8%)","15,01,369  (40.9%)","13,03,414  (35.5%)","28,04,783  (76.3%)",Tripura
Rural,233365,"8,09,92,995  (40.5%)","7,43,24,283  (37.2%)","15,53,17,278  (77.7%)","1,86,63,920  (9.3%)","1,70,21,307  (8.5%)","3,56,85,227  (17.9%)","5,26,315  (0.3%)","5,04,761  (0.3%)","10,31,076  (0.5%)","5,17,93,688  (25.9%)","3,34,90,992  (16.8%)","8,52,84,680  (42.7%)",Uttar Pradesh
Urban,7562,"2,34,87,515  (11.8%)","2,10,07,548  (10.5%)","4,44,95,063  (22.3%)","30,13,055  (1.5%)","26,59,326  (1.3%)","56,72,381  (2.8%)","54,768  (0.0%)","48,429  (0.0%)","1,03,197  (0.1%)","1,64,41,276  (8.2%)","1,26,71,599  (6.3%)","2,91,12,875  (14.6%)",Uttar Pradesh
Total,240928,"10,44,80,510  (52.3%)","9,53,31,831  (47.7%)","19,98,12,341  (100.0%)","2,16,76,975  (10.8%)","1,96,80,633  (9.8%)","4,13,57,608  (20.7%)","5,81,083  (0.3%)","5,53,190  (0.3%)","11,34,273  (0.6%)","6,82,34,964  (34.1%)","4,61,62,591  (23.1%)","11,43,97,555  (57.3%)",Uttar Pradesh
Rural,52581,"35,19,042  (34.9%)","35,17,912  (34.9%)","70,36,954  (69.8%)","7,61,103  (7.5%)","7,35,562  (7.3%)","14,96,665  (14.8%)","1,34,691  (1.3%)","1,30,128  (1.3%)","2,64,819  (2.6%)","25,96,171  (25.7%)","20,17,879  (20.0%)","46,14,050  (45.7%)",Uttarakhand
Urban,901,"16,18,731  (16.0%)","14,30,607  (14.2%)","30,49,338  (30.2%)","2,07,483  (2.1%)","1,88,368  (1.9%)","3,95,851  (3.9%)","13,978  (0.1%)","13,106  (0.1%)","27,084  (0.3%)","12,67,537  (12.6%)","9,99,366  (9.9%)","22,66,903  (22.5%)",Uttarakhand
Total,53483,"51,37,773  (50.9%)","49,48,519  (49.1%)","1,00,86,292  (100.0%)","9,68,586  (9.6%)","9,23,930  (9.2%)","18,92,516  (18.8%)","1,48,669  (1.5%)","1,43,234  (1.4%)","2,91,903  (2.9%)","38,63,708  (38.3%)","30,17,245  (29.9%)","68,80,953  (68.2%)",Uttarakhand
Rural,83632,"3,18,44,945  (34.9%)","3,03,38,168  (33.2%)","6,21,83,113  (68.1%)","87,64,294  (9.6%)","83,30,813  (9.1%)","1,70,95,107  (18.7%)","24,28,057  (2.7%)","24,27,058  (2.7%)","48,55,115  (5.3%)","2,18,48,197  (23.9%)","1,73,65,582  (19.0%)","3,92,13,779  (43.0%)",West Bengal
Urban,5119,"1,49,64,082  (16.4%)","1,41,28,920  (15.5%)","2,90,93,002  (31.9%)","22,39,010  (2.5%)","21,29,153  (2.3%)","43,68,163  (4.8%)","2,21,917  (0.2%)","2,19,921  (0.2%)","4,41,838  (0.5%)","1,19,70,613  (13.1%)","1,03,53,889  (11.3%)","2,23,24,502  (24.5%)",West Bengal
Total,88752,"4,68,09,027  (51.3%)","4,44,67,088  (48.7%)","9,12,76,115  (100.0%)","1,10,03,304  (12.1%)","1,04,59,966  (11.5%)","2,14,63,270  (23.5%)","26,49,974  (2.9%)","26,46,979  (2.9%)","52,96,953  (5.8%)","3,38,18,810  (37.1%)","2,77,19,471  (30.4%)","6,15,38,281  (67.4%)",West Bengal
