Sno,Candidate,Constituency ∇,Party,Criminal Case,Education,Total Assets,Liabilities
1,Godam Nagesh,ADILABAD (ST),BJP,1,Post Graduate,"Rs 3,09,16,833  ~ 3 Crore+","Rs 29,01,575  ~ 29 Lacs+"
2,Prof S P Singh Baghel,AGRA (SC),BJP,0,Doctorate,"Rs 10,43,58,691  ~ 10 Crore+","Rs 51,70,325  ~ 51 Lacs+"
3,Hasmukhbhai Patel (H.S.Patel),AHMEDABAD EAST,BJP,0,12th Pass,"Rs 8,64,70,298  ~ 8 Crore+","Rs 1,35,15,602  ~ 1 Crore+"
4,Dineshbhai Makwana (Advocate),AHMEDABAD WEST (SC),BJP,0,Graduate Professional,"Rs 14,17,69,586  ~ 14 Crore+","Rs 1,32,22,046  ~ 1 Crore+"
5,Nilesh Dnyandev Lanke,AHMEDNAGAR,Nationalist Congress Party – Sharadchandra Pawar,2,Graduate,,
6,Bhagirath Choudhary,AJMER,BJP,0,12th Pass,"Rs 13,38,11,555  ~ 13 Crore+","Rs 54,32,413  ~ 54 Lacs+"
7,Devendra Singh Alias Bhole Singh,AKBARPUR,BJP,13,10th Pass,"Rs 4,78,28,524  ~ 4 Crore+","Rs 99,02,495  ~ 99 Lacs+"
8,Anup Sanjay Dhotre,AKOLA,BJP,1,Graduate,"Rs 10,92,59,962  ~ 10 Crore+","Rs 3,72,01,641  ~ 3 Crore+"
9,K. C Venugopal,ALAPPUZHA,INC,1,Post Graduate,"Rs 3,63,42,460  ~ 3 Crore+","Rs 2,72,817  ~ 2 Lacs+"
10,K.Radhakrishnan,ALATHUR (SC),CPI(M),0,Graduate,,
11,Satish Kumar Gautam,ALIGARH,BJP,0,Graduate,"Rs 16,06,24,125  ~ 16 Crore+","Rs 4,65,70,044  ~ 4 Crore+"
12,Manoj Tigga,ALIPURDUARS (ST),BJP,6,Graduate,"Rs 57,51,023  ~ 57 Lacs+","Rs 16,02,698  ~ 16 Lacs+"
13,Ujjwal Raman Singh,ALLAHABAD,INC,0,Graduate Professional,"Rs 26,89,88,675  ~ 26 Crore+","Rs 1,19,96,527  ~ 1 Crore+"
14,Ajay Tamta,ALMORA (SC),BJP,0,Graduate,"Rs 1,23,81,663  ~ 1 Crore+","Rs 19,09,642  ~ 19 Lacs+"
15,Bhupender Yadav,ALWAR,BJP,0,Graduate Professional,,
16,G M Harish (Balayogi),AMALAPURAM (SC),TDP,0,Graduate Professional,"Rs 10,53,89,128  ~ 10 Crore+","Rs 1,99,712  ~ 1 Lacs+"
17,Varun Chaudhry,AMBALA (SC),INC,0,Graduate Professional,"Rs 25,94,68,388  ~ 25 Crore+","Rs 61,73,716  ~ 61 Lacs+"
18,Lalji Verma,AMBEDKAR NAGAR,SP,2,Post Graduate,"Rs 11,02,72,584  ~ 11 Crore+","Rs 98,85,979  ~ 98 Lacs+"
19,Kishori Lal,AMETHI,INC,0,Graduate,"Rs 12,76,88,722  ~ 12 Crore+","Rs 4,69,96,348  ~ 4 Crore+"
20,Balwant Baswant Wankhade,AMRAVATI (SC),INC,1,12th Pass,,
21,Bharatbhai Manubhai Sutariya,AMRELI,BJP,0,10th Pass,"Rs 83,78,748  ~ 83 Lacs+",Rs 0  ~
22,Gurjeet Singh Aujla,AMRITSAR,INC,0,Graduate,"Rs 5,35,08,591  ~ 5 Crore+","Rs 1,37,81,750  ~ 1 Crore+"
23,Kanwar Singh Tanwar,AMROHA,BJP,1,8th Pass,"Rs 2,14,79,33,326  ~ 214 Crore+","Rs 1,98,97,537  ~ 1 Crore+"
24,C.M.Ramesh,ANAKAPALLE,BJP,5,12th Pass,"Rs 4,97,60,24,996  ~ 497 Crore+","Rs 1,01,61,83,515  ~ 101 Crore+"
25,Mitesh Patel (Bakabhai),ANAND,BJP,0,Others,,
26,Malvinder Singh Kang,ANANDPUR SAHIB,AAP,0,Post Graduate,"Rs 4,19,05,973  ~ 4 Crore+","Rs 20,13,285  ~ 20 Lacs+"
27,Ambica G Lakshminarayana Valmiki,ANANTHAPUR,TDP,8,Graduate,"Rs 4,75,40,056  ~ 4 Crore+","Rs 21,19,559  ~ 21 Lacs+"
28,Mian Altaf Ahmad,ANANTNAG-RAJOURI,Jammu & Kashmir National Conference,0,Graduate Professional,"Rs 20,93,30,000  ~ 20 Crore+",Rs 0  ~
29,Bishnu Pada Ray,ANDAMAN AND NICOBAR ISLANDS,BJP,0,Graduate,"Rs 2,74,39,170  ~ 2 Crore+","Rs 3,02,788  ~ 3 Lacs+"
30,Neeraj Maurya,AONLA,SP,0,Graduate Professional,,
31,S Jagathratchakan,ARAKKONAM,DMK,2,10th Pass,"Rs 53,45,87,828  ~ 53 Crore+","Rs 6,49,50,00,000  ~ 649 Crore+"
32,Gumma Thanuja Rani,ARAKU (ST),YSRCP,0,Graduate Professional,"Rs 23,54,678  ~ 23 Lacs+",Rs 0  ~
33,Mitali Bag,ARAMBAG (SC),AITC,0,Post Graduate,"Rs 7,84,955  ~ 7 Lacs+","Rs 4,31,294  ~ 4 Lacs+"
34,Tharaniventhan M S,ARANI,DMK,0,10th Pass,"Rs 1,71,61,977  ~ 1 Crore+","Rs 35,63,277  ~ 35 Lacs+"
35,Pradeep Kumar Singh,ARARIA,BJP,4,10th Pass,,
36,Sudama Prasad,ARRAH,CPI(ML)(L),3,Graduate,"Rs 90,98,946  ~ 90 Lacs+","Rs 29,21,615  ~ 29 Lacs+"
37,Tapir Gao,ARUNACHAL EAST,BJP,0,Post Graduate,"Rs 15,05,37,706  ~ 15 Crore+",Rs 0  ~
38,Kiren Rijiju,ARUNACHAL WEST,BJP,0,Graduate Professional,"Rs 4,94,03,234  ~ 4 Crore+",Rs 0  ~
39,Shatrughan Prasad Sinha,ASANSOL,AITC,0,Graduate,"Rs 2,10,50,41,638  ~ 210 Crore+","Rs 17,60,81,710  ~ 17 Crore+"
40,Anita Subhadarshini,ASKA,BJP,0,Post Graduate,,
41,Adv Adoor Prakash,ATTINGAL,INC,13,Graduate Professional,"Rs 18,09,33,863  ~ 18 Crore+","Rs 3,68,02,602  ~ 3 Crore+"
42,Bhumare Sandipanrao Asaram,AURANGABAD,Shiv Sena,4,10th Pass,"Rs 10,30,71,866  ~ 10 Crore+","Rs 2,45,87,200  ~ 2 Crore+"
43,Abhay Kumar Sinha,AURANGABAD,RJD,16,12th Pass,"Rs 10,77,18,589  ~ 10 Crore+","Rs 4,78,01,483  ~ 4 Crore+"
44,Dharmendra Yadav,AZAMGARH,SP,4,Post Graduate,"Rs 13,50,32,793  ~ 13 Crore+","Rs 3,42,45,511  ~ 3 Crore+"
45,Aditya Yadav,BADAUN,SP,0,Post Graduate,,
46,Gaddigoudar Parvatgouda Chandangouda,BAGALKOT,BJP,0,Graduate Professional,"Rs 7,58,55,750  ~ 7 Crore+","Rs 2,44,46,219  ~ 2 Crore+"
47,Dr Rajkumar Sangwan,BAGHPAT,Rashtriya Lok Dal,3,Doctorate,"Rs 47,99,426  ~ 47 Lacs+",Rs 0  ~
48,Pathan Yusuf,BAHARAMPUR,AITC,0,10th Pass,"Rs 45,63,04,016  ~ 45 Crore+","Rs 11,96,70,558  ~ 11 Crore+"
49,Anand Kumar,BAHRAICH (SC),BJP,0,Doctorate,"Rs 9,26,23,979  ~ 9 Crore+","Rs 1,41,28,198  ~ 1 Crore+"
50,Bharti Pardhi,BALAGHAT,BJP,0,Graduate,,
51,Pratap Chandra Sarangi,BALASORE,BJP,9,Graduate,"Rs 49,59,072  ~ 49 Lacs+",Rs 0  ~
52,Sanatan Pandey,BALLIA,SP,2,Others,"Rs 2,49,50,786  ~ 2 Crore+","Rs 6,24,502  ~ 6 Lacs+"
53,Sukanta Majumdar,BALURGHAT,BJP,16,Doctorate,"Rs 1,24,76,825  ~ 1 Crore+","Rs 11,25,114  ~ 11 Lacs+"
54,Geniben Nagaji Thakor,BANASKANTHA,INC,1,Graduate,"Rs 85,33,965  ~ 85 Lacs+","Rs 6,27,886  ~ 6 Lacs+"
55,Krishna Devi Shivshanker Patel,BANDA,SP,0,12th Pass,,
56,P C Mohan,BANGALORE CENTRAL,BJP,2,12th Pass,"Rs 81,30,65,207  ~ 81 Crore+","Rs 15,86,34,664  ~ 15 Crore+"
57,Shobha Karandlaje,BANGALORE NORTH,BJP,5,Post Graduate,"Rs 13,88,66,909  ~ 13 Crore+","Rs 4,06,00,640  ~ 4 Crore+"
58,Dr C N Manjunath,BANGALORE RURAL,BJP,0,Post Graduate,"Rs 98,38,83,816  ~ 98 Crore+","Rs 14,81,46,673  ~ 14 Crore+"
59,Tejasvi Surya,BANGALORE SOUTH,BJP,3,Graduate Professional,"Rs 4,10,30,489  ~ 4 Crore+",Rs 0  ~
60,Shantanu Thakur,BANGAON (SC),BJP,23,Graduate,,
61,Giridhari Yadav,BANKA,JD(U),0,Post Graduate,"Rs 1,72,81,101  ~ 1 Crore+","Rs 56,95,769  ~ 56 Lacs+"
62,Arup Chakraborty,BANKURA,AITC,0,Graduate Professional,"Rs 17,19,11,710  ~ 17 Crore+","Rs 6,56,85,037  ~ 6 Crore+"
63,Kamlesh Paswan,BANSGAON (SC),BJP,9,Graduate,"Rs 36,18,30,259  ~ 36 Crore+","Rs 3,52,83,210  ~ 3 Crore+"
64,Raj Kumar Roat,BANSWARA (ST),Bharat Adivasi Party,1,Graduate Professional,"Rs 1,17,31,679  ~ 1 Crore+","Rs 29,71,833  ~ 29 Lacs+"
65,Krishna Prasad Tenneti,BAPATLA (SC),TDP,0,Post Graduate,,
66,Tanuj Punia,BARABANKI (SC),INC,1,Graduate Professional,"Rs 2,71,31,091  ~ 2 Crore+","Rs 2,43,280  ~ 2 Lacs+"
67,Supriya Sule,BARAMATI,Nationalist Congress Party – Sharadchandra Pawar,0,Graduate,"Rs 1,66,51,86,348  ~ 166 Crore+","Rs 55,00,000  ~ 55 Lacs+"
68,Abdul Rashid Sheikh,BARAMULLA,IND,3,Graduate,"Rs 1,56,37,424  ~ 1 Crore+","Rs 14,42,558  ~ 14 Lacs+"
69,Kakoli Ghosh Dastidar,BARASAT,AITC,2,Post Graduate,"Rs 7,58,56,851  ~ 7 Crore+","Rs 35,92,730  ~ 35 Lacs+"
70,Dr. Sharmila Sarkar,BARDHAMAN PURBA (SC),AITC,0,Post Graduate,,
71,Parbhubhai Nagarbhai Vasava,BARDOLI (ST),BJP,0,Others,"Rs 4,70,03,506  ~ 4 Crore+","Rs 84,55,874  ~ 84 Lacs+"
72,Chhatra Pal Singh Gangwar,BAREILLY,BJP,2,Post Graduate,"Rs 4,87,88,862  ~ 4 Crore+","Rs 70,44,201  ~ 70 Lacs+"
73,Pradeep Purohit,BARGARH,BJP,8,10th Pass,"Rs 2,25,95,410  ~ 2 Crore+","Rs 6,76,737  ~ 6 Lacs+"
74,Ummeda Ram Beniwal,BARMER,INC,0,Graduate,"Rs 19,27,65,969  ~ 19 Crore+","Rs 6,62,44,492  ~ 6 Crore+"
75,Phani Bhusan Choudhury,BARPETA,Asom Gana Parishad,1,Graduate,,
76,Partha Bhowmick,BARRACKPUR,AITC,2,Post Graduate,"Rs 5,42,35,841  ~ 5 Crore+","Rs 1,10,51,557  ~ 1 Crore+"
77,Sk Nurul Islam,BASIRHAT,AITC,0,12th Pass,"Rs 1,60,02,842  ~ 1 Crore+",Rs 0  ~
78,Mahesh Kashyap,BASTAR (ST),BJP,0,8th Pass,"Rs 39,67,309  ~ 39 Lacs+","Rs 34,980  ~ 34 Thou+"
79,Ram Prasad Chaudhary,BASTI,SP,4,Others,"Rs 9,81,52,477  ~ 9 Crore+","Rs 37,45,441  ~ 37 Lacs+"
80,Harsimrat Kaur Badal,BATHINDA,SAD,0,10th Pass,,
81,Bajrang Manohar Sonwane,BEED,Nationalist Congress Party – Sharadchandra Pawar,0,Graduate,"Rs 28,92,78,459  ~ 28 Crore+","Rs 7,75,15,217  ~ 7 Crore+"
82,Giriraj Singh,BEGUSARAI,BJP,3,Graduate,"Rs 14,31,69,297  ~ 14 Crore+","Rs 90,00,000  ~ 90 Lacs+"
83,Jagadish Shettar,BELGAUM,BJP,0,Graduate Professional,"Rs 13,38,15,982  ~ 13 Crore+","Rs 71,66,354  ~ 71 Lacs+"
84,E. Tukaram,BELLARY (ST),INC,0,Post Graduate,"Rs 3,52,67,209  ~ 3 Crore+","Rs 1,23,25,000  ~ 1 Crore+"
85,Dr Pradeep Kumar Panigrahy,BERHAMPUR,BJP,9,Doctorate,,
86,Durgadas (D. D.) Uikey,BETUL (ST),BJP,0,Post Graduate,"Rs 1,84,87,232  ~ 1 Crore+","Rs 11,82,315  ~ 11 Lacs+"
87,Dr. Vinod Kumar Bind,BHADOHI,BJP,0,Graduate Professional,"Rs 10,57,66,111  ~ 10 Crore+","Rs 2,93,13,481  ~ 2 Crore+"
88,Avimanyu Sethi,BHADRAK (SC),BJP,0,Post Graduate,"Rs 7,07,94,290  ~ 7 Crore+","Rs 1,06,59,172  ~ 1 Crore+"
89,Ajay Kumar Mandal,BHAGALPUR,JD(U),0,8th Pass,"Rs 1,22,32,756  ~ 1 Crore+","Rs 49,80,480  ~ 49 Lacs+"
90,Dr. Prashant Yadaorao Padole,BHANDARA GONDIYA,INC,0,Graduate Professional,,
91,Sanjna Jatav,BHARATPUR (SC),INC,0,Graduate,"Rs 23,10,193  ~ 23 Lacs+","Rs 7,15,340  ~ 7 Lacs+"
92,Mansukhbhai Dhanjibhai Vasava,BHARUCH,BJP,0,Post Graduate,"Rs 2,54,99,808  ~ 2 Crore+","Rs 11,04,414  ~ 11 Lacs+"
93,Nimuben Jayantibhai Bambhaniya (Nimuben Bambhaniya),BHAVNAGAR,BJP,0,Graduate Professional,"Rs 2,61,15,193  ~ 2 Crore+","Rs 58,29,447  ~ 58 Lacs+"
94,Damodar Agarwal,BHILWARA,BJP,1,Post Graduate,"Rs 7,13,92,415  ~ 7 Crore+","Rs 33,20,600  ~ 33 Lacs+"
95,Sandhya Ray,BHIND (SC),BJP,0,Post Graduate,,
96,Suresh Gopinath Mhatre Alias Balya Mama,BHIWANDI,Nationalist Congress Party – Sharadchandra Pawar,0,12th Pass,"Rs 1,07,55,34,826  ~ 107 Crore+","Rs 75,65,59,886  ~ 75 Crore+"
97,Dharambir Singh,BHIWANI-MAHENDRAGARH,BJP,0,Graduate,"Rs 11,56,64,424  ~ 11 Crore+",Rs 0  ~
98,Chamala Kiran Kumar Reddy,BHONGIR,INC,3,12th Pass,"Rs 28,72,11,468  ~ 28 Crore+","Rs 73,48,373  ~ 73 Lacs+"
99,Alok Sharma,BHOPAL,BJP,4,Graduate,"Rs 8,86,25,237  ~ 8 Crore+","Rs 1,30,24,310  ~ 1 Crore+"
100,Aparajita Sarangi,BHUBANESWAR,BJP,1,Graduate,,
101,Sagar Eshwar Khandre,BIDAR,INC,0,Graduate Professional,"Rs 13,43,73,930  ~ 13 Crore+","Rs 1,50,00,000  ~ 1 Crore+"
102,Ramesh Jigajinagi,BIJAPUR (SC),BJP,0,Graduate,"Rs 51,63,15,994  ~ 51 Crore+","Rs 6,81,16,765  ~ 6 Crore+"
103,Chandan Chauhan,BIJNOR,Rashtriya Lok Dal,3,Graduate Professional,"Rs 7,84,26,582  ~ 7 Crore+","Rs 25,72,810  ~ 25 Lacs+"
104,Arjun Ram Meghwal,BIKANER (SC),BJP,0,Post Graduate,"Rs 3,76,54,863  ~ 3 Crore+",Rs 0  ~
105,Tokhan Sahu,BILASPUR,BJP,0,Post Graduate,,
106,Satabdi Roy,BIRBHUM,AITC,0,Graduate,"Rs 10,92,45,500  ~ 10 Crore+","Rs 2,01,71,392  ~ 2 Crore+"
107,Khan Saumitra,BISHNUPUR (SC),BJP,15,12th Pass,"Rs 3,08,55,712  ~ 3 Crore+","Rs 46,72,966  ~ 46 Lacs+"
108,Sangeeta Kumari Singh Deo,BOLANGIR,BJP,1,Graduate,"Rs 67,30,60,630  ~ 67 Crore+","Rs 75,00,000  ~ 75 Lacs+"
109,Asit Kumar Mal,BOLPUR,AITC,0,Graduate,"Rs 1,12,57,405  ~ 1 Crore+","Rs 4,64,417  ~ 4 Lacs+"
110,Dr Bhola Singh,BULANDSHAHR (SC),BJP,1,Graduate,,
111,Jadhav Prataprao Ganpatrao,BULDHANA,Shiv Sena,2,12th Pass,"Rs 16,42,60,448  ~ 16 Crore+","Rs 14,67,110  ~ 14 Lacs+"
112,Azad Kirti Jha,BURDWAN - DURGAPUR,AITC,1,Graduate,"Rs 10,20,14,033  ~ 10 Crore+","Rs 57,38,812  ~ 57 Lacs+"
113,Sudhakar Singh,BUXAR,RJD,3,Graduate,"Rs 6,78,51,400  ~ 6 Crore+","Rs 5,73,94,347  ~ 5 Crore+"
114,Benny Behanan,CHALAKUDY,INC,5,Graduate,"Rs 3,50,20,209  ~ 3 Crore+","Rs 78,93,411  ~ 78 Lacs+"
115,Sunil Bose,CHAMARAJANAGAR (SC),INC,1,12th Pass,,
116,Birendra Singh,CHANDAULI,SP,3,Graduate,"Rs 18,80,17,648  ~ 18 Crore+","Rs 11,54,113  ~ 11 Lacs+"
117,Manish Tewari,CHANDIGARH,INC,0,Graduate Professional,"Rs 29,68,42,688  ~ 29 Crore+","Rs 2,49,93,400  ~ 2 Crore+"
118,Praveen Khandelwal,CHANDNI CHOWK,BJP,0,Graduate Professional,"Rs 11,70,39,798  ~ 11 Crore+","Rs 6,06,45,587  ~ 6 Crore+"
119,Dhanorkar Pratibha Suresh Alias Balubhau,CHANDRAPUR,INC,0,12th Pass,"Rs 80,37,22,094  ~ 80 Crore+","Rs 55,23,86,611  ~ 55 Crore+"
120,Kali Charan Singh,CHATRA,BJP,2,Graduate,,
121,Dayanidhi Maran,CHENNAI CENTRAL,DMK,4,Graduate,"Rs 17,07,70,037  ~ 17 Crore+",Rs 0  ~
122,Dr.Kalanidhi Veeraswamy,CHENNAI NORTH,DMK,0,Post Graduate,"Rs 61,06,14,066  ~ 61 Crore+","Rs 38,33,64,472  ~ 38 Crore+"
123,Sumathy T,CHENNAI SOUTH,DMK,0,Doctorate,"Rs 14,86,58,298  ~ 14 Crore+","Rs 1,71,99,881  ~ 1 Crore+"
124,Konda Vishweshwar Reddy,CHEVELLA,BJP,4,Graduate Professional,"Rs 45,68,22,22,094  ~ 4568 Crore+","Rs 13,83,36,195  ~ 13 Crore+"
125,Bunty Vivek Sahu,CHHINDWARA,BJP,1,Graduate,,
126,Jashubhai Bhilubhai Rathva,CHHOTA UDAIPUR (ST),BJP,1,Graduate,"Rs 1,65,89,045  ~ 1 Crore+","Rs 19,40,506  ~ 19 Lacs+"
127,Thirumaavalavan Thol,CHIDAMBARAM (SC),Viduthalai Chiruthaigal Katchi,7,Doctorate,"Rs 2,44,55,903  ~ 2 Crore+","Rs 83,969  ~ 83 Thou+"
128,Dr.K.Sudhakar,CHIKKBALLAPUR,BJP,1,Graduate Professional,"Rs 33,41,63,156  ~ 33 Crore+","Rs 20,34,48,949  ~ 20 Crore+"
129,Priyanka Satish Jarkiholi,CHIKKODI,INC,0,Post Graduate,"Rs 9,11,57,625  ~ 9 Crore+","Rs 1,57,43,768  ~ 1 Crore+"
130,Govind Makthappa Karjol,CHITRADURGA (SC),BJP,0,10th Pass,,
131,Daggumalla Prasada Rao,CHITTOOR (SC),TDP,0,Graduate,"Rs 38,44,93,765  ~ 38 Crore+","Rs 8,02,79,565  ~ 8 Crore+"
132,Chandra Prakash Joshi,CHITTORGARH,BJP,0,Graduate Professional,"Rs 4,09,73,304  ~ 4 Crore+","Rs 86,27,349  ~ 86 Lacs+"
133,Rahul Kaswan,CHURU,INC,0,Graduate,"Rs 5,33,22,989  ~ 5 Crore+","Rs 2,44,17,448  ~ 2 Crore+"
134,Ganapathy Rajkumar P,COIMBATORE,DMK,1,Doctorate,"Rs 89,03,97,608  ~ 89 Crore+","Rs 3,32,84,669  ~ 3 Crore+"
135,Jagadish Chandra Barma Basunia,COOCH BEHAR (SC),AITC,1,Graduate Professional,,
136,M.K. Vishnuprasad,CUDDALORE,INC,1,Graduate Professional,"Rs 25,19,78,580  ~ 25 Crore+","Rs 5,11,11,885  ~ 5 Crore+"
137,Bhartruhari Mahtab,CUTTACK,BJP,1,Post Graduate,"Rs 19,90,52,798  ~ 19 Crore+",Rs 0  ~
138,Delkar Kalaben Mohanbhai,DADAR & NAGAR HAVELI (ST),BJP,0,Graduate,"Rs 71,44,54,357  ~ 71 Crore+","Rs 1,58,39,426  ~ 1 Crore+"
139,Jaswantsinh Sumanbhai Bhabhor,DAHOD (ST),BJP,0,Graduate Professional,"Rs 4,84,04,861  ~ 4 Crore+","Rs 62,87,842  ~ 62 Lacs+"
140,Captain Brijesh Chowta,DAKSHINA KANNADA,BJP,1,Graduate,,
141,Patel Umeshbhai Babubhai,DAMAN & DIU,IND,14,Graduate,"Rs 47,52,198  ~ 47 Lacs+","Rs 4,06,981  ~ 4 Lacs+"
142,Rahul Singh Lodhi,DAMOH,BJP,0,12th Pass,"Rs 1,63,55,135  ~ 1 Crore+","Rs 5,53,202  ~ 5 Lacs+"
143,Gopal Jee Thakur,DARBHANGA,BJP,1,Doctorate,"Rs 3,90,78,830  ~ 3 Crore+","Rs 68,75,610  ~ 68 Lacs+"
144,Raju Bista,DARJEELING,BJP,2,Graduate,"Rs 47,53,57,268  ~ 47 Crore+","Rs 27,94,788  ~ 27 Lacs+"
145,Dilip Saikia,DARRANG-UDALGURI,BJP,0,Graduate,,
146,Murari Lal Meena,DAUSA (ST),INC,0,Others,"Rs 13,57,14,010  ~ 13 Crore+","Rs 21,66,932  ~ 21 Lacs+"
147,Dr. Prabha Mallikarjun,DAVANAGERE,INC,0,Graduate,"Rs 2,41,28,03,910  ~ 241 Crore+","Rs 24,71,24,278  ~ 24 Crore+"
148,Shashank Mani,DEORIA,BJP,0,Post Graduate,"Rs 25,55,40,212  ~ 25 Crore+",Rs 0  ~
149,Mahendra Singh Solanky,DEWAS (SC),BJP,2,Graduate Professional,"Rs 38,17,399  ~ 38 Lacs+","Rs 27,11,920  ~ 27 Lacs+"
150,Dulu Mahato,DHANBAD,BJP,22,12th Pass,,
151,Savitri Thakur,DHAR (ST),BJP,0,12th Pass,"Rs 5,31,07,546  ~ 5 Crore+","Rs 69,63,601  ~ 69 Lacs+"
152,Mani. A.,DHARMAPURI,DMK,1,Graduate Professional,"Rs 8,65,64,403  ~ 8 Crore+","Rs 2,12,87,262  ~ 2 Crore+"
153,Pralhad Joshi,DHARWAD,BJP,0,Graduate,"Rs 21,09,60,953  ~ 21 Crore+","Rs 8,01,23,332  ~ 8 Crore+"
154,Anand Bhadauriya,DHAURAHRA,SP,4,Post Graduate,"Rs 9,97,23,807  ~ 9 Crore+","Rs 9,60,867  ~ 9 Lacs+"
155,Rudra Narayan Pany,DHENKANAL,BJP,8,Graduate,,
156,Rakibul Hussain,DHUBRI,INC,0,Post Graduate,"Rs 25,29,63,888  ~ 25 Crore+","Rs 4,36,46,481  ~ 4 Crore+"
157,Bachhav Shobha Dinesh,DHULE,INC,2,Others,"Rs 30,50,35,058  ~ 30 Crore+","Rs 2,11,60,000  ~ 2 Crore+"
158,Abhishek Banerjee,DIAMOND HARBOUR,AITC,2,Post Graduate,"Rs 2,32,64,563  ~ 2 Crore+","Rs 36,00,000  ~ 36 Lacs+"
159,Sarbananda Sonowal,DIBRUGARH,BJP,0,Graduate Professional,"Rs 4,75,85,258  ~ 4 Crore+","Rs 25,78,370  ~ 25 Lacs+"
160,Sachithanantham R,DINDIGUL,CPI(M),9,Graduate,,
161,Bhaskar Murlidhar Bhagare,DINDORI (ST),Nationalist Congress Party – Sharadchandra Pawar,0,Post Graduate,"Rs 1,74,50,827  ~ 1 Crore+","Rs 24,44,380  ~ 24 Lacs+"
162,Amarsing Tisso,DIPHU (ST),BJP,0,12th Pass,"Rs 22,78,63,561  ~ 22 Crore+","Rs 5,40,75,091  ~ 5 Crore+"
163,Jagdambika Pal,DOMARIYAGANJ,BJP,1,Post Graduate,"Rs 19,35,36,623  ~ 19 Crore+","Rs 74,87,022  ~ 74 Lacs+"
164,Sougata Ray,DUM DUM,AITC,1,Post Graduate,"Rs 5,12,30,026  ~ 5 Crore+",Rs 0  ~
165,Nalin Soren,DUMKA (ST),JMM,2,12th Pass,,
166,Vijay Baghel,DURG,BJP,0,Graduate,"Rs 3,71,62,950  ~ 3 Crore+","Rs 38,54,273  ~ 38 Lacs+"
167,Harsh Malhotra,EAST DELHI,BJP,0,Graduate Professional,"Rs 4,08,24,015  ~ 4 Crore+",Rs 0  ~
168,Putta Mahesh Kumar,ELURU,TDP,1,Graduate Professional,"Rs 72,08,51,715  ~ 72 Crore+","Rs 20,04,30,056  ~ 20 Crore+"
169,Hibi Eden,ERNAKULAM,INC,10,Graduate,"Rs 3,40,00,696  ~ 3 Crore+","Rs 44,54,363  ~ 44 Lacs+"
170,K E Prakash,ERODE,DMK,0,Graduate,,
171,Devesh Shakya,ETAH,SP,1,Post Graduate,"Rs 3,40,61,340  ~ 3 Crore+","Rs 4,42,323  ~ 4 Lacs+"
172,Jitendra Kumar Dohare,ETAWAH (SC),SP,0,12th Pass,"Rs 6,22,50,170  ~ 6 Crore+","Rs 31,68,054  ~ 31 Lacs+"
173,Awadhesh Prasad,FAIZABAD,SP,1,Post Graduate,"Rs 5,29,67,071  ~ 5 Crore+","Rs 10,00,000  ~ 10 Lacs+"
174,Krishan Pal,FARIDABAD,BJP,0,Graduate Professional,"Rs 62,58,15,843  ~ 62 Crore+","Rs 3,98,47,197  ~ 3 Crore+"
175,Sarabjeet Singh Khalsa,FARIDKOT (SC),IND,0,10th Pass,,
176,Mukesh Rajput,FARRUKHABAD,BJP,0,Graduate,"Rs 9,36,80,840  ~ 9 Crore+",Rs 0  ~
177,Amar Singh,FATEHGARH SAHIB (SC),INC,0,Post Graduate,"Rs 5,42,80,612  ~ 5 Crore+",Rs 0  ~
178,Naresh Chandra Uttam Patel,FATEHPUR,SP,0,Post Graduate,"Rs 4,93,48,208  ~ 4 Crore+",Rs 0  ~
179,Rajkumar Chahar,FATEHPUR SIKRI,BJP,2,Graduate,"Rs 3,41,76,612  ~ 3 Crore+","Rs 19,64,321  ~ 19 Lacs+"
180,Akshaya Yadav,FIROZABAD,SP,3,Graduate Professional,,
181,Sher Singh Ghubaya,FIROZPUR,INC,0,10th Pass,"Rs 9,11,61,885  ~ 9 Crore+","Rs 43,78,380  ~ 43 Lacs+"
182,Dr. Kirsan Namdeo,GADCHIROLI - CHIMUR (ST),INC,0,Doctorate,"Rs 5,94,76,042  ~ 5 Crore+","Rs 28,28,488  ~ 28 Lacs+"
183,Amit Shah,GANDHINAGAR,BJP,3,12th Pass,"Rs 65,67,12,498  ~ 65 Crore+","Rs 42,09,587  ~ 42 Lacs+"
184,Kuldeep Indora,GANGANAGAR (SC),INC,0,Post Graduate,"Rs 13,71,89,112  ~ 13 Crore+","Rs 1,75,37,144  ~ 1 Crore+"
185,Anil Baluni,GARHWAL,BJP,0,Graduate,,
186,Dr. Mahesh Sharma,GAUTAM BUDDHA NAGAR,BJP,0,Graduate Professional,"Rs 83,82,09,103  ~ 83 Crore+","Rs 2,26,89,478  ~ 2 Crore+"
187,Jitan Ram Manjhi,GAYA (SC),Hindustani Awam Morcha (Secular),6,Graduate,"Rs 30,20,578  ~ 30 Lacs+",Rs 0  ~
188,Adhikari Deepak (Dev),GHATAL,AITC,0,Others,"Rs 37,13,47,069  ~ 37 Crore+","Rs 2,86,03,907  ~ 2 Crore+"
189,Atul Garg,GHAZIABAD,BJP,0,12th Pass,"Rs 26,97,82,311  ~ 26 Crore+","Rs 1,29,01,326  ~ 1 Crore+"
190,Afzal Ansari,GHAZIPUR,SP,5,Post Graduate,,
191,Rajeev Rai,GHOSI,SP,1,Doctorate,"Rs 49,41,88,267  ~ 49 Crore+","Rs 6,29,52,119  ~ 6 Crore+"
192,Chandra Prakash Choudhary,GIRIDIH,AJSU Party,2,Graduate,"Rs 4,98,49,182  ~ 4 Crore+","Rs 2,70,31,670  ~ 2 Crore+"
193,Nishikant Dubey,GODDA,BJP,8,Doctorate,"Rs 74,69,74,208  ~ 74 Crore+","Rs 8,28,00,000  ~ 8 Crore+"
194,Kirtivardhan Singh,GONDA,BJP,3,Post Graduate,"Rs 37,07,96,430  ~ 37 Crore+","Rs 1,19,41,662  ~ 1 Crore+"
195,Dr. Alok Kumar Suman,GOPALGANJ (SC),JD(U),0,Post Graduate,,
196,Ravindra Shukla Alias Ravi Kishan,GORAKHPUR,BJP,0,12th Pass,"Rs 43,32,35,340  ~ 43 Crore+","Rs 1,78,14,634  ~ 1 Crore+"
197,Radhakrishna,GULBARGA (SC),INC,1,10th Pass,"Rs 53,38,99,960  ~ 53 Crore+","Rs 7,23,86,247  ~ 7 Crore+"
198,Jyotiraditya M. Scindia,GUNA,BJP,0,Post Graduate,"Rs 4,24,74,94,078  ~ 424 Crore+","Rs 48,24,000  ~ 48 Lacs+"
199,Dr Chandra Sekhar Pemmasani,GUNTUR,TDP,1,Post Graduate,"Rs 57,05,47,27,538  ~ 5705 Crore+","Rs 10,38,00,00,000  ~ 1038 Crore+"
200,Sukhjinder Singh Randhawa,GURDASPUR,INC,0,12th Pass,,
201,Rao Inderjit Singh,GURGAON,BJP,0,Graduate Professional,"Rs 1,21,54,22,868  ~ 121 Crore+","Rs 13,36,70,844  ~ 13 Crore+"
202,Bijuli Kalita Medhi,GUWAHATI,BJP,0,Post Graduate,"Rs 1,61,89,751  ~ 1 Crore+",Rs 0  ~
203,Bharat Singh Kushwah,GWALIOR,BJP,0,12th Pass,"Rs 2,88,09,530  ~ 2 Crore+","Rs 62,76,267  ~ 62 Lacs+"
204,Chirag Paswan,HAJIPUR (SC),Lok Janshakti Party(Ram Vilas),0,12th Pass,"Rs 2,68,75,873  ~ 2 Crore+",Rs 0  ~
205,Anurag Singh Thakur,HAMIRPUR,BJP,1,Graduate,,
206,Ajendra Singh Lodhi,HAMIRPUR,SP,0,12th Pass,"Rs 5,02,37,175  ~ 5 Crore+","Rs 74,85,000  ~ 74 Lacs+"
207,Jai Prakash,HARDOI (SC),BJP,0,Graduate,"Rs 30,39,74,608  ~ 30 Crore+","Rs 5,25,12,656  ~ 5 Crore+"
208,Trivendra Singh Rawat,HARIDWAR,BJP,0,Post Graduate,"Rs 6,75,52,039  ~ 6 Crore+","Rs 75,00,000  ~ 75 Lacs+"
209,Shreyas. M. Patel,HASSAN,INC,1,Graduate,"Rs 42,67,10,045  ~ 42 Crore+","Rs 88,80,873  ~ 88 Lacs+"
210,Anoop Pradhan Balmiki,HATHRAS (SC),BJP,1,12th Pass,,
211,Dhairyasheel Sambhajirao Mane,HATKANANGALE,Shiv Sena,0,Graduate,"Rs 4,51,31,759  ~ 4 Crore+","Rs 1,00,00,000  ~ 1 Crore+"
212,Basavaraj Bommai,HAVERI,BJP,0,Graduate Professional,"Rs 53,95,04,552  ~ 53 Crore+","Rs 5,46,34,074  ~ 5 Crore+"
213,Manish Jaiswal,HAZARIBAGH,BJP,2,Graduate,"Rs 36,29,99,932  ~ 36 Crore+","Rs 5,88,96,276  ~ 5 Crore+"
214,B K Parthasarathi,HINDUPUR,TDP,15,Graduate,"Rs 16,89,59,895  ~ 16 Crore+","Rs 1,78,90,470  ~ 1 Crore+"
215,Aashtikar Patil Nagesh Bapurao,HINGOLI,ShivSena (Uddhav Balasaheb Thackeray),0,Graduate,,
216,Jai Parkash (J P) S/O Harikesh,HISAR,INC,0,12th Pass,"Rs 6,80,53,567  ~ 6 Crore+","Rs 1,31,94,392  ~ 1 Crore+"
217,Rachna Banerjee,HOOGHLY,AITC,0,12th Pass,"Rs 35,53,17,030  ~ 35 Crore+",Rs 0  ~
218,Darshan Singh Choudhary,HOSHANGABAD,BJP,0,Post Graduate,"Rs 93,49,061  ~ 93 Lacs+",Rs 0  ~
219,Dr. Raj Kumar Chabbewal,HOSHIARPUR (SC),AAP,0,Post Graduate,"Rs 20,76,95,398  ~ 20 Crore+","Rs 8,44,02,704  ~ 8 Crore+"
220,Prasun Banerjee,HOWRAH,AITC,1,Graduate,,
221,Asaduddin Owaisi,HYDERABAD,All India Majlis-E-Ittehadul Muslimeen,5,Graduate Professional,"Rs 23,87,66,044  ~ 23 Crore+","Rs 7,05,00,000  ~ 7 Crore+"
222,Adv. Dean Kuriakose,IDUKKI,INC,88,Post Graduate,"Rs 2,07,97,763  ~ 2 Crore+","Rs 36,19,970  ~ 36 Lacs+"
223,Shankar Lalwani,INDORE,BJP,0,Graduate Professional,"Rs 1,95,22,412  ~ 1 Crore+","Rs 10,09,835  ~ 10 Lacs+"
224,Angomcha Bimol Akoijam,INNER MANIPUR,INC,0,Doctorate,"Rs 97,67,556  ~ 97 Lacs+","Rs 34,84,121  ~ 34 Lacs+"
225,Ashish Dubey,JABALPUR,BJP,0,Graduate Professional,,
226,Sayani Ghosh,JADAVPUR,AITC,1,12th Pass,"Rs 91,89,462  ~ 91 Lacs+","Rs 59,85,716  ~ 59 Lacs+"
227,Bibhu Prasad Tarai,JAGATSINGHPUR (SC),BJP,3,Post Graduate,"Rs 1,79,74,886  ~ 1 Crore+","Rs 9,50,000  ~ 9 Lacs+"
228,Surendra Prasad Yadav,JAHANABAD,RJD,7,Post Graduate,"Rs 13,87,54,448  ~ 13 Crore+",Rs 0  ~
229,Manju Sharma,JAIPUR,BJP,0,Post Graduate,"Rs 2,36,61,843  ~ 2 Crore+","Rs 41,69,859  ~ 41 Lacs+"
230,Rao Rajendra Singh,JAIPUR RURAL,BJP,0,Graduate,,
231,Rabindra Narayan Behera,JAJPUR (SC),BJP,0,Doctorate,"Rs 4,55,67,092  ~ 4 Crore+",Rs 0  ~
232,Charanjit Singh Channi,JALANDHAR (SC),INC,0,Doctorate,"Rs 10,21,19,804  ~ 10 Crore+","Rs 41,39,547  ~ 41 Lacs+"
233,Narayan Das Ahirwar,JALAUN (SC),SP,0,Graduate Professional,"Rs 7,36,03,801  ~ 7 Crore+","Rs 6,00,000  ~ 6 Lacs+"
234,Smita Uday Wagh,JALGAON,BJP,0,Graduate,"Rs 8,74,77,424  ~ 8 Crore+","Rs 1,85,76,577  ~ 1 Crore+"
235,Kalyan Vaijinathrao Kale,JALNA,INC,2,Others,,
236,Lumbaram,JALORE,BJP,0,10th Pass,"Rs 1,95,87,446  ~ 1 Crore+","Rs 6,26,171  ~ 6 Lacs+"
237,Dr Jayanta Kumar Roy,JALPAIGURI (SC),BJP,0,Post Graduate,"Rs 1,93,56,558  ~ 1 Crore+","Rs 56,196  ~ 56 Thou+"
238,Jugal Kishore,JAMMU,BJP,0,10th Pass,"Rs 7,63,78,942  ~ 7 Crore+","Rs 80,13,699  ~ 80 Lacs+"
239,Poonamben Hematbhai Maadam,JAMNAGAR,BJP,0,Graduate,"Rs 1,47,70,02,341  ~ 147 Crore+","Rs 53,00,00,000  ~ 53 Crore+"
240,Bidyut Baran Mahato,JAMSHEDPUR,BJP,1,12th Pass,,
241,Arun Bharti,JAMUI (SC),Lok Janshakti Party(Ram Vilas),0,Post Graduate,"Rs 6,48,70,319  ~ 6 Crore+","Rs 3,12,04,393  ~ 3 Crore+"
242,Khalilur Rahaman,JANGIPUR,AITC,0,Graduate,"Rs 51,43,46,283  ~ 51 Crore+","Rs 95,70,794  ~ 95 Lacs+"
243,Kamlesh Jangde,JANJGIR-CHAMPA (SC),BJP,0,Post Graduate,"Rs 1,54,62,143  ~ 1 Crore+","Rs 13,80,075  ~ 13 Lacs+"
244,Babu Singh Kushwaha,JAUNPUR,SP,25,12th Pass,"Rs 20,01,49,000  ~ 20 Crore+","Rs 2,82,55,000  ~ 2 Crore+"
245,Pratima Mondal,JAYNAGAR (SC),AITC,0,Post Graduate,,
246,Dushyant Singh,JHALAWAR-BARAN,BJP,0,Post Graduate,"Rs 38,93,08,540  ~ 38 Crore+","Rs 8,65,93,973  ~ 8 Crore+"
247,Ramprit Mandal,JHANJHARPUR,JD(U),0,10th Pass,"Rs 10,59,78,772  ~ 10 Crore+","Rs 4,26,593  ~ 4 Lacs+"
248,Anurag Sharma,JHANSI,BJP,0,Post Graduate,"Rs 2,12,07,65,800  ~ 212 Crore+","Rs 1,49,48,530  ~ 1 Crore+"
249,Kalipada Saren Kherwal,JHARGRAM (ST),AITC,0,Post Graduate,"Rs 1,30,23,236  ~ 1 Crore+","Rs 2,05,892  ~ 2 Lacs+"
250,Brijendra Singh Ola,JHUNJHUNU,INC,0,Post Graduate,,
251,Gajendra Singh Shekhawat,JODHPUR,BJP,0,Post Graduate,"Rs 19,30,27,658  ~ 19 Crore+","Rs 1,98,62,350  ~ 1 Crore+"
252,Gaurav Gogoi,JORHAT,INC,1,Post Graduate,"Rs 4,90,61,120  ~ 4 Crore+",Rs 0  ~
253,Chudasama Rajeshbhai Naranbhai,JUNAGADH,BJP,1,12th Pass,"Rs 3,34,52,812  ~ 3 Crore+","Rs 9,89,043  ~ 9 Lacs+"
254,Chavda Vinod Lakhamshi,KACHCHH (SC),BJP,0,Post Graduate,"Rs 7,09,80,147  ~ 7 Crore+","Rs 1,56,05,895  ~ 1 Crore+"
255,Y. S. Avinash Reddy,KADAPA,YSRCP,2,Post Graduate,,
256,Iqra Choudhary,KAIRANA,SP,0,Post Graduate,"Rs 68,74,858  ~ 68 Lacs+","Rs 8,84,157  ~ 8 Lacs+"
257,Karan Bhushan Singh,KAISERGANJ,BJP,0,Graduate Professional,"Rs 49,56,81,640  ~ 49 Crore+","Rs 22,93,59,344  ~ 22 Crore+"
258,Tangella Uday Srinivas (Tea Time Uday),KAKINADA,Janasena Party,1,12th Pass,"Rs 31,15,35,620  ~ 31 Crore+","Rs 3,62,10,120  ~ 3 Crore+"
259,Malvika Devi,KALAHANDI,BJP,0,Graduate,"Rs 41,89,01,050  ~ 41 Crore+",Rs 0  ~
260,Malaiyarasan D,KALLAKURICHI,DMK,4,Post Graduate,,
261,Dr Shrikant Eknath Shinde,KALYAN,Shiv Sena,0,Post Graduate,"Rs 14,92,08,812  ~ 14 Crore+","Rs 6,63,20,443  ~ 6 Crore+"
262,Selvam. G,KANCHEEPURAM (SC),DMK,0,Post Graduate,"Rs 2,36,15,126  ~ 2 Crore+","Rs 31,12,213  ~ 31 Lacs+"
263,Sukanta Kumar Panigrahi,KANDHAMAL,BJP,4,Post Graduate,"Rs 70,71,617  ~ 70 Lacs+",Rs 0  ~
264,Dr Rajeev Bhardwaj,KANGRA,BJP,0,Graduate Professional,"Rs 5,87,23,886  ~ 5 Crore+","Rs 4,24,821  ~ 4 Lacs+"
265,Bhojraj Nag,KANKER (ST),BJP,0,8th Pass,,
266,Akhilesh Yadav,KANNAUJ,SP,3,Graduate Professional,"Rs 42,02,62,015  ~ 42 Crore+","Rs 99,85,548  ~ 99 Lacs+"
267,Vijayakumar Alias Vijay Vasanth,KANNIYAKUMARI,INC,8,Post Graduate,"Rs 64,27,30,752  ~ 64 Crore+","Rs 3,06,16,359  ~ 3 Crore+"
268,K. Sudhakaran,KANNUR,INC,14,Post Graduate,"Rs 6,29,79,919  ~ 6 Crore+","Rs 59,33,624  ~ 59 Lacs+"
269,Ramesh Awasthi,KANPUR,BJP,0,Post Graduate,"Rs 5,29,36,608  ~ 5 Crore+","Rs 61,48,728  ~ 61 Lacs+"
270,Adhikari Soumendu,KANTHI,BJP,6,Post Graduate,,
271,Raja Ram Singh,KARAKAT,CPI(ML)(L),3,Graduate,"Rs 2,59,19,942  ~ 2 Crore+","Rs 19,00,000  ~ 19 Lacs+"
272,Bhajan Lal Jatav,KARAULI-DHOLPUR (SC),INC,1,10th Pass,"Rs 3,32,82,184  ~ 3 Crore+","Rs 1,89,78,157  ~ 1 Crore+"
273,Kripanath Mallah,KARIMGANJ,BJP,0,Graduate,"Rs 1,88,62,404  ~ 1 Crore+","Rs 63,14,782  ~ 63 Lacs+"
274,Bandi Sanjay Kumar,KARIMNAGAR,BJP,42,Post Graduate,"Rs 1,12,75,000  ~ 1 Crore+","Rs 13,40,000  ~ 13 Lacs+"
275,Manohar Lal,KARNAL,BJP,0,Graduate,,
276,Jothimani. S,KARUR,INC,1,Post Graduate,"Rs 1,53,52,373  ~ 1 Crore+","Rs 14,54,722  ~ 14 Lacs+"
277,Rajmohan Unnithan,KASARAGOD,INC,6,Graduate,"Rs 3,24,32,135  ~ 3 Crore+","Rs 6,78,829  ~ 6 Lacs+"
278,Tariq Anwar,KATIHAR,INC,0,Graduate,"Rs 19,60,57,169  ~ 19 Crore+",Rs 0  ~
279,Pushpendra Saroj,KAUSHAMBI (SC),SP,0,Graduate,"Rs 1,52,31,655  ~ 1 Crore+","Rs 50,00,000  ~ 50 Lacs+"
280,Kamakhya Prasad Tasa,KAZIRANGA,BJP,0,Post Graduate,,
281,Baijayant Panda,KENDRAPARA,BJP,8,Graduate Professional,"Rs 1,48,08,78,708  ~ 148 Crore+","Rs 98,50,836  ~ 98 Lacs+"
282,Ananta Nayak,KEONJHAR (ST),BJP,1,Others,"Rs 84,86,265  ~ 84 Lacs+","Rs 1,76,548  ~ 1 Lacs+"
283,Amritpal Singh,KHADOOR SAHIB,IND,12,10th Pass,"Rs 18,38,440  ~ 18 Lacs+",Rs 0  ~
284,Rajesh Verma,KHAGARIA,Lok Janshakti Party(Ram Vilas),12,Graduate Professional,"Rs 5,38,94,412  ~ 5 Crore+","Rs 4,07,45,130  ~ 4 Crore+"
285,Vishnu Datt Sharma (V.D.Sharma),KHAJURAHO,BJP,1,Post Graduate,,
286,Ramasahayam Raghuram Reddy,KHAMMAM,INC,1,Others,"Rs 58,27,70,537  ~ 58 Crore+","Rs 9,54,82,677  ~ 9 Crore+"
287,Gyaneshwar Patil,KHANDWA,BJP,1,12th Pass,"Rs 7,22,37,099  ~ 7 Crore+","Rs 54,46,068  ~ 54 Lacs+"
288,Gajendra Singh Patel,KHARGONE (ST),BJP,0,Graduate Professional,"Rs 9,98,24,946  ~ 9 Crore+","Rs 44,97,445  ~ 44 Lacs+"
289,Devusinh Chauhan,KHEDA,BJP,0,Graduate Professional,"Rs 3,49,76,572  ~ 3 Crore+","Rs 49,96,647  ~ 49 Lacs+"
290,Utkarsh Verma (Madhur),KHERI,SP,0,Graduate,,
291,Kali Charan Munda,KHUNTI (ST),INC,0,12th Pass,"Rs 54,07,803  ~ 54 Lacs+",Rs 0  ~
292,Mohammad Jawed,KISHANGANJ,INC,0,Graduate Professional,"Rs 15,96,75,943  ~ 15 Crore+","Rs 1,65,62,000  ~ 1 Crore+"
293,Annpurna Devi,KODARMA,BJP,2,Post Graduate,"Rs 12,82,82,857  ~ 12 Crore+","Rs 78,85,853  ~ 78 Lacs+"
294,Joyanta Basumatary,KOKRAJHAR (ST),"United Peoples Party, Liberal",1,Graduate,"Rs 2,28,65,797  ~ 2 Crore+",Rs 0  ~
295,M. Mallesh Babu,KOLAR (SC),Janata Dal (Secular),1,Post Graduate,,
296,Chhatrapati Shahu Shahaji,KOLHAPUR,INC,1,Graduate,"Rs 3,42,86,68,000  ~ 342 Crore+",Rs 0  ~
297,Mala Roy,KOLKATA DAKSHIN,AITC,1,Graduate,"Rs 1,53,97,092  ~ 1 Crore+","Rs 7,95,517  ~ 7 Lacs+"
298,Bandyopadhyay Sudip,KOLKATA UTTAR,AITC,2,Graduate,"Rs 8,48,12,907  ~ 8 Crore+",Rs 0  ~
299,N K Premachandran,KOLLAM,Revolutionary Socialist Party,5,Graduate Professional,"Rs 3,11,94,899  ~ 3 Crore+","Rs 38,00,000  ~ 38 Lacs+"
300,K. Rajashekar Basavaraj Hitnal,KOPPAL,INC,3,12th Pass,,
301,Saptagiri Sankar Ulaka,KORAPUT (ST),INC,0,Graduate Professional,"Rs 7,09,56,659  ~ 7 Crore+","Rs 1,60,02,929  ~ 1 Crore+"
302,Jyotsna Charandas Mahant,KORBA,INC,0,Post Graduate,"Rs 17,96,26,733  ~ 17 Crore+","Rs 5,00,000  ~ 5 Lacs+"
303,Om Birla,KOTA,BJP,0,Post Graduate,"Rs 10,62,06,645  ~ 10 Crore+",Rs 0  ~
304,Adv K Francis George,KOTTAYAM,Kerala Congress,5,Graduate Professional,"Rs 9,51,96,318  ~ 9 Crore+","Rs 13,00,000  ~ 13 Lacs+"
305,M. K. Raghavan,KOZHIKODE,INC,4,Graduate,,
306,Gopinath K,KRISHNAGIRI,INC,0,10th Pass,"Rs 12,34,05,500  ~ 12 Crore+","Rs 1,14,98,082  ~ 1 Crore+"
307,Mahua Moitra,KRISHNANAGAR,AITC,1,Graduate,"Rs 3,50,67,166  ~ 3 Crore+",Rs 0  ~
308,Bastipati Nagaraju Panchalingala,KURNOOL,TDP,0,Post Graduate,"Rs 9,01,76,000  ~ 9 Crore+","Rs 19,36,439  ~ 19 Lacs+"
309,Naveen Jindal,KURUKSHETRA,BJP,9,Post Graduate,"Rs 12,41,47,68,000  ~ 1241 Crore+","Rs 7,37,06,000  ~ 7 Crore+"
310,Vijay Kumar Dubay,KUSHI NAGAR,BJP,2,12th Pass,,
311,Mohmad Haneefa,LADAKH,IND,0,10th Pass,"Rs 3,27,61,570  ~ 3 Crore+","Rs 1,50,000  ~ 1 Lacs+"
312,Pradan Baruah,LAKHIMPUR,BJP,0,Others,"Rs 2,42,05,536  ~ 2 Crore+","Rs 22,69,660  ~ 22 Lacs+"
313,Muhammed Hamdullah Sayeed,LAKSHADWEEP,INC,0,Graduate Professional,"Rs 14,85,48,173  ~ 14 Crore+",Rs 0  ~
314,Daroga Prasad Saroj,LALGANJ (SC),SP,3,Graduate,"Rs 5,38,76,725  ~ 5 Crore+",Rs 0  ~
315,Dr. Kalge Shivaji Bandappa,LATUR (SC),INC,0,Graduate Professional,,
316,Sukhdeo Bhagat,LOHARDAGA (ST),INC,1,Post Graduate,"Rs 2,46,88,449  ~ 2 Crore+","Rs 1,24,14,241  ~ 1 Crore+"
317,Raj Nath Singh,LUCKNOW,BJP,0,Post Graduate,"Rs 7,36,84,617  ~ 7 Crore+",Rs 0  ~
318,Amrinder Singh Raja Warring,LUDHIANA,INC,0,10th Pass,"Rs 17,72,43,256  ~ 17 Crore+","Rs 4,46,73,348  ~ 4 Crore+"
319,Priya Saroj,MACHHLISHAHR (SC),SP,2,Graduate Professional,"Rs 11,25,719  ~ 11 Lacs+",Rs 0  ~
320,Balashowry Vallabhaneni,MACHILIPATNAM,Janasena Party,2,Post Graduate,,
321,Mohite-Patil Dhairyasheel Rajsinh,MADHA,Nationalist Congress Party – Sharadchandra Pawar,36,Post Graduate,"Rs 48,94,34,188  ~ 48 Crore+","Rs 20,50,27,212  ~ 20 Crore+"
322,Dinesh Chandra Yadav,MADHEPURA,JD(U),0,Others,"Rs 6,62,09,377  ~ 6 Crore+",Rs 0  ~
323,Ashok Kumar Yadav,MADHUBANI,BJP,2,Doctorate,"Rs 5,85,83,773  ~ 5 Crore+","Rs 1,02,24,706  ~ 1 Crore+"
324,Venkatesan S,MADURAI,CPI(M),3,12th Pass,"Rs 2,05,36,639  ~ 2 Crore+",Rs 0  ~
325,Balram Naik Porika,MAHABUBABAD (ST),INC,6,10th Pass,,
326,Pankaj Chaudhary,MAHARAJGANJ,BJP,0,12th Pass,"Rs 41,90,10,509  ~ 41 Crore+","Rs 3,82,47,129  ~ 3 Crore+"
327,Janardan Singh (Sigriwal),MAHARAJGANJ,BJP,5,Graduate,"Rs 1,75,36,436  ~ 1 Crore+",Rs 0  ~
328,Roop Kumari Choudhary,MAHASAMUND,BJP,0,Post Graduate,"Rs 5,39,08,562  ~ 5 Crore+","Rs 21,16,025  ~ 21 Lacs+"
329,Aruna. D. K,MAHBUBNAGAR,BJP,6,12th Pass,"Rs 66,75,69,871  ~ 66 Crore+","Rs 1,61,32,436  ~ 1 Crore+"
330,Haribhai Patel,MAHESANA,BJP,0,Others,,
331,Dimple Yadav,MAINPURI,SP,0,Graduate,"Rs 42,02,62,015  ~ 42 Crore+","Rs 99,85,548  ~ 99 Lacs+"
332,E.T. Mohammed Basheer,MALAPPURAM,Indian Union Muslim League,1,10th Pass,"Rs 2,02,52,293  ~ 2 Crore+",Rs 0  ~
333,Isha Khan Choudhury,MALDAHA DAKSHIN,INC,0,Graduate,"Rs 1,48,10,368  ~ 1 Crore+",Rs 0  ~
334,Khagen Murmu,MALDAHA UTTAR,BJP,7,Graduate,"Rs 1,35,90,846  ~ 1 Crore+","Rs 2,34,412  ~ 2 Lacs+"
335,Eatala Rajender,MALKAJGIRI,BJP,45,Graduate,,
336,Kangna Ranaut,MANDI,BJP,8,12th Pass,"Rs 91,66,31,239  ~ 91 Crore+","Rs 17,38,86,641  ~ 17 Crore+"
337,Faggan Singh Kulaste,MANDLA (ST),BJP,0,Post Graduate,"Rs 5,35,26,381  ~ 5 Crore+","Rs 33,80,099  ~ 33 Lacs+"
338,Sudheer Gupta,MANDSOUR,BJP,1,Post Graduate,"Rs 19,28,84,642  ~ 19 Crore+","Rs 5,84,53,495  ~ 5 Crore+"
339,H.D. Kumaraswamy,MANDYA,Janata Dal (Secular),3,Graduate,"Rs 2,17,23,28,789  ~ 217 Crore+","Rs 82,18,06,608  ~ 82 Crore+"
340,Hemamalini Dharmendra Deol,MATHURA,BJP,0,Doctorate,,
341,Bapi Haldar,MATHURAPUR (SC),AITC,1,Graduate,"Rs 2,45,30,801  ~ 2 Crore+","Rs 58,849  ~ 58 Thou+"
342,Shrirang Appa Chandu Barne,MAVAL,Shiv Sena,3,10th Pass,"Rs 1,31,85,91,631  ~ 131 Crore+","Rs 85,28,711  ~ 85 Lacs+"
343,Kodikunnil Suresh,MAVELIKKARA (SC),INC,6,Graduate Professional,"Rs 1,53,12,324  ~ 1 Crore+","Rs 8,80,986  ~ 8 Lacs+"
344,Sudha R,MAYILADUTHURAI,INC,10,Post Graduate,"Rs 38,62,830  ~ 38 Lacs+",Rs 0  ~
345,Naba Charan Majhi,MAYURBHANJ (ST),BJP,1,Graduate,,
346,Madhavaneni Raghunandan Rao,MEDAK,BJP,29,Graduate Professional,"Rs 22,09,07,289  ~ 22 Crore+","Rs 12,11,78,789  ~ 12 Crore+"
347,June Maliah,MEDINIPUR,AITC,0,10th Pass,"Rs 6,60,18,642  ~ 6 Crore+","Rs 1,79,20,738  ~ 1 Crore+"
348,Arun Govil,MEERUT,BJP,0,Graduate,"Rs 14,44,00,261  ~ 14 Crore+","Rs 14,64,028  ~ 14 Lacs+"
349,Anupriya Patel,MIRZAPUR,Apna Dal (Soneylal),2,Post Graduate,"Rs 4,22,41,754  ~ 4 Crore+","Rs 98,05,603  ~ 98 Lacs+"
350,Ashok Kumar Rawat,MISRIKH (SC),BJP,0,Post Graduate,,
351,Richard Vanlalhmangaiha,MIZORAM (ST),Zoram Peoples Movement,0,Graduate,"Rs 1,69,19,233  ~ 1 Crore+",Rs 0  ~
352,R.K. Chaudhary,MOHANLALGANJ (SC),SP,2,Graduate Professional,"Rs 2,83,84,459  ~ 2 Crore+",Rs 0  ~
353,Ruchi Vira,MORADABAD,SP,0,Graduate,"Rs 28,05,88,320  ~ 28 Crore+",Rs 0  ~
354,Shivmangal Singh Tomar,MORENA,BJP,0,Graduate Professional,"Rs 2,26,14,911  ~ 2 Crore+","Rs 44,30,205  ~ 44 Lacs+"
355,Piyush Goyal,MUMBAI NORTH,BJP,0,Graduate Professional,,
356,Gaikwad Varsha Eknath,MUMBAI NORTH - CENTRAL,INC,7,Post Graduate,"Rs 7,68,48,656  ~ 7 Crore+","Rs 1,01,60,000  ~ 1 Crore+"
357,Sanjay Dina Patil,MUMBAI NORTH - EAST,ShivSena (Uddhav Balasaheb Thackeray),0,Graduate,"Rs 3,99,11,145  ~ 3 Crore+",Rs 0  ~
358,Ravindra Dattaram Waikar,MUMBAI NORTH - WEST,Shiv Sena,3,Graduate,"Rs 54,50,49,854  ~ 54 Crore+","Rs 4,48,10,574  ~ 4 Crore+"
359,Arvind Ganpat Sawant,MUMBAI SOUTH,ShivSena (Uddhav Balasaheb Thackeray),1,Graduate,"Rs 5,04,85,191  ~ 5 Crore+",Rs 0  ~
360,Anil Yeshwant Desai,MUMBAI SOUTH - CENTRAL,ShivSena (Uddhav Balasaheb Thackeray),0,Graduate Professional,,
361,Rajiv Ranjan Singh Alias Lalan Singh,MUNGER,JD(U),0,Graduate,"Rs 13,82,28,639  ~ 13 Crore+","Rs 29,15,378  ~ 29 Lacs+"
362,Abu Taher Khan,MURSHIDABAD,AITC,3,10th Pass,"Rs 3,84,76,131  ~ 3 Crore+",Rs 0  ~
363,Harendra Singh Malik,MUZAFFARNAGAR,SP,1,Graduate,"Rs 9,07,80,765  ~ 9 Crore+","Rs 11,29,635  ~ 11 Lacs+"
364,Raj Bhushan Choudhary,MUZAFFARPUR,BJP,0,Post Graduate,"Rs 20,52,95,066  ~ 20 Crore+","Rs 5,46,08,134  ~ 5 Crore+"
365,Yaduveer Krishnadatta Chamaraja Wadiyar,MYSORE,BJP,0,Graduate,,
366,Balabhadra Majhi,NABARANGPUR (ST),BJP,2,Graduate,"Rs 7,88,63,561  ~ 7 Crore+","Rs 11,24,732  ~ 11 Lacs+"
367,S Supongmeren Jamir,NAGALAND,INC,0,Graduate Professional,"Rs 21,00,868  ~ 21 Lacs+","Rs 5,56,528  ~ 5 Lacs+"
368,Pradyut Bordoloi,NAGAON,INC,0,Post Graduate,"Rs 8,39,15,436  ~ 8 Crore+","Rs 12,99,774  ~ 12 Lacs+"
369,Selvaraj V,NAGAPATTINAM (SC),CPI,1,Post Graduate,"Rs 1,10,62,368  ~ 1 Crore+","Rs 28,53,957  ~ 28 Lacs+"
370,Dr.Mallu Ravi,NAGARKURNOOL (SC),INC,6,Graduate Professional,,
371,Hanuman Beniwal,NAGAUR,Rashtriya Loktantrik Party,1,Graduate Professional,"Rs 81,10,760  ~ 81 Lacs+",Rs 0  ~
372,Chandrashekhar,NAGINA (SC),Aazad Samaj Party (Kanshi Ram),36,Graduate Professional,"Rs 39,86,581  ~ 39 Lacs+",Rs 0  ~
373,Nitin Jairam Gadkari,NAGPUR,BJP,10,Doctorate,"Rs 28,03,17,321  ~ 28 Crore+","Rs 6,22,30,174  ~ 6 Crore+"
374,Ajay Bhatt,NAINITAL-UDHAM SINGH NAGAR,BJP,0,Graduate Professional,"Rs 4,87,14,988  ~ 4 Crore+","Rs 19,05,347  ~ 19 Lacs+"
375,Kaushalendra Kumar,NALANDA,JD(U),0,12th Pass,,
376,Kunduru Raghuveer,NALGONDA,INC,2,12th Pass,"Rs 35,57,31,499  ~ 35 Crore+","Rs 17,66,79,000  ~ 17 Crore+"
377,Matheswaran V S,NAMAKKAL,DMK,3,10th Pass,"Rs 4,72,97,973  ~ 4 Crore+","Rs 50,39,079  ~ 50 Lacs+"
378,Vasantrao Balwantrao Chavan,NANDED,INC,1,12th Pass,"Rs 3,67,85,180  ~ 3 Crore+","Rs 14,23,663  ~ 14 Lacs+"
379,Adv Gowaal Kagada Padavi,NANDURBAR (ST),INC,0,Post Graduate,"Rs 7,01,70,431  ~ 7 Crore+","Rs 78,17,614  ~ 78 Lacs+"
380,Dr Byreddy Shabari,NANDYAL,TDP,2,Post Graduate,,
381,Bhupathi Raju Srinivasa Varma,NARSAPURAM,BJP,0,Post Graduate,"Rs 7,16,64,809  ~ 7 Crore+","Rs 1,69,26,961  ~ 1 Crore+"
382,Lavu Srikrishna Devarayalu,NARSARAOPET,TDP,0,Graduate Professional,"Rs 56,65,48,466  ~ 56 Crore+","Rs 6,80,88,135  ~ 6 Crore+"
383,Rajabhau (Parag) Prakash Waje,NASHIK,ShivSena (Uddhav Balasaheb Thackeray),0,Graduate,"Rs 15,86,37,378  ~ 15 Crore+","Rs 19,18,865  ~ 19 Lacs+"
384,C R Patil,NAVSARI,BJP,0,Others,"Rs 39,49,30,044  ~ 39 Crore+","Rs 2,75,82,988  ~ 2 Crore+"
385,Vivek Thakur,NAWADA,BJP,0,Post Graduate,,
386,Prabhakar Reddy Vemireddy,NELLORE,TDP,6,Graduate,"Rs 7,16,33,22,265  ~ 716 Crore+","Rs 1,97,29,62,603  ~ 197 Crore+"
387,Bansuri Swaraj,NEW DELHI,BJP,0,Post Graduate,"Rs 19,29,46,528  ~ 19 Crore+",Rs 0  ~
388,Raja A,NILGIRIS (SC),DMK,7,Graduate Professional,"Rs 6,93,62,170  ~ 6 Crore+","Rs 19,00,484  ~ 19 Lacs+"
389,Arvind Dharmapuri,NIZAMABAD,BJP,22,Post Graduate,"Rs 1,09,90,20,273  ~ 109 Crore+","Rs 30,66,81,918  ~ 30 Crore+"
390,Manoj Tiwari,NORTH EAST DELHI,BJP,2,Post Graduate,,
391,Shripad Yesso Naik,NORTH GOA,BJP,0,Graduate,"Rs 10,86,83,533  ~ 10 Crore+","Rs 5,08,675  ~ 5 Lacs+"
392,Yogender Chandoliya,NORTH WEST DELHI (SC),BJP,2,Graduate,"Rs 2,76,23,483  ~ 2 Crore+","Rs 9,38,900  ~ 9 Lacs+"
393,Magunta Sreenivasulu Reddy,ONGOLE,TDP,0,Graduate,"Rs 57,95,39,820  ~ 57 Crore+","Rs 27,63,23,277  ~ 27 Crore+"
394,Omprakash Bhupalsinh Alias Pavan Rajenimbalkar,OSMANABAD,ShivSena (Uddhav Balasaheb Thackeray),2,Graduate Professional,"Rs 7,53,25,549  ~ 7 Crore+","Rs 2,51,709  ~ 2 Lacs+"
395,Alfred Kanngam S Arthur,OUTER MANIPUR (ST),INC,0,12th Pass,,
396,V K Sreekandan,PALAKKAD,INC,5,Graduate,"Rs 1,24,21,358  ~ 1 Crore+","Rs 54,62,812  ~ 54 Lacs+"
397,Vishnu Dayal Ram,PALAMU (SC),BJP,0,Graduate,"Rs 3,90,81,116  ~ 3 Crore+","Rs 12,37,580  ~ 12 Lacs+"
398,Dr. Hemant Vishnu Savara,PALGHAR (ST),BJP,0,Graduate Professional,"Rs 8,16,22,050  ~ 8 Crore+","Rs 1,07,76,056  ~ 1 Crore+"
399,P. P. Chaudhary,PALI,BJP,0,Graduate Professional,"Rs 40,71,76,661  ~ 40 Crore+","Rs 1,94,86,942  ~ 1 Crore+"
400,Rajpalsinh Mahendrasinh Jadav,PANCHMAHAL,BJP,0,12th Pass,,
401,Jadhav Sanjay ( Bandu ) Haribhau,PARBHANI,ShivSena (Uddhav Balasaheb Thackeray),6,10th Pass,"Rs 10,27,06,523  ~ 10 Crore+","Rs 4,74,95,341  ~ 4 Crore+"
402,Dr.Sanjay Jaiswal,PASCHIM CHAMPARAN,BJP,5,Post Graduate,"Rs 29,05,35,126  ~ 29 Crore+","Rs 13,525  ~ 13 Thou+"
403,Misha Bharti,PATALIPUTRA,RJD,6,Graduate Professional,"Rs 10,26,19,562  ~ 10 Crore+","Rs 1,14,62,479  ~ 1 Crore+"
404,Dabhi Bharatsinhji Shankarji,PATAN,BJP,0,Graduate,"Rs 6,84,30,049  ~ 6 Crore+","Rs 29,57,861  ~ 29 Lacs+"
405,Anto Antony,PATHANAMTHITTA,INC,5,Graduate,,
406,Dr Dharamvira Gandhi,PATIALA,INC,0,Post Graduate,"Rs 8,53,41,885  ~ 8 Crore+",Rs 0  ~
407,Ravi Shankar Prasad,PATNA SAHIB,BJP,0,Post Graduate,"Rs 40,60,98,345  ~ 40 Crore+",Rs 0  ~
408,Vamsi Krishna Gaddam,PEDDAPALLE (SC),INC,0,Graduate,"Rs 24,09,76,163  ~ 24 Crore+","Rs 17,76,000  ~ 17 Lacs+"
409,Arun Nehru,PERAMBALUR,DMK,0,Post Graduate,"Rs 81,61,97,502  ~ 81 Crore+","Rs 19,13,95,432  ~ 19 Crore+"
410,Praveen Patel,PHULPUR,BJP,0,Post Graduate,,
411,Jitin Prasada,PILIBHIT,BJP,0,Post Graduate,"Rs 29,89,25,408  ~ 29 Crore+",Rs 0  ~
412,Eswarasamy K,POLLACHI,DMK,1,10th Pass,"Rs 34,52,76,957  ~ 34 Crore+","Rs 9,45,57,521  ~ 9 Crore+"
413,Dr. M.P Abdussamad Samadani,PONNANI,Indian Union Muslim League,1,Doctorate,"Rs 2,19,77,344  ~ 2 Crore+",Rs 0  ~
414,Dr. Mansukh Mandaviya,PORBANDAR,BJP,0,Doctorate,"Rs 7,95,04,705  ~ 7 Crore+",Rs 0  ~
415,Shiv Pal Singh Patel (Dr. S P Singh),PRATAPGARH,SP,0,Post Graduate,,
416,Ve Vaithilingam,PUDUCHERRY,INC,0,Graduate,"Rs 15,72,49,699  ~ 15 Crore+",Rs 0  ~
417,Murlidhar Mohol,PUNE,BJP,3,Graduate,"Rs 24,32,44,483  ~ 24 Crore+","Rs 14,85,57,877  ~ 14 Crore+"
418,Sambit Patra,PURI,BJP,1,Post Graduate,"Rs 1,98,06,997  ~ 1 Crore+",Rs 0  ~
419,Rajesh Ranjan Alias Pappu Yadav,PURNIA,IND,41,Graduate,"Rs 12,08,84,682  ~ 12 Crore+","Rs 1,72,36,808  ~ 1 Crore+"
420,Jyotirmay Singh Mahato,PURULIA,BJP,3,Graduate Professional,,
421,Radha Mohan Singh,PURVI CHAMPARAN,BJP,2,Graduate,"Rs 4,29,65,416  ~ 4 Crore+","Rs 29,41,310  ~ 29 Lacs+"
422,Rahul Gandhi,RAE BARELI,INC,18,Post Graduate,"Rs 20,39,61,862  ~ 20 Crore+","Rs 49,79,184  ~ 49 Lacs+"
423,G. Kumar Naik,RAICHUR (ST),INC,0,Graduate Professional,"Rs 33,41,28,505  ~ 33 Crore+","Rs 5,04,02,456  ~ 5 Crore+"
424,Tatkare Sunil Dattatrey,RAIGAD,NCP,0,Others,"Rs 14,57,68,773  ~ 14 Crore+","Rs 1,14,520  ~ 1 Lacs+"
425,Kartick Chandra Paul,RAIGANJ,BJP,0,Graduate,,
426,Radheshyam Rathiya,RAIGARH (ST),BJP,0,12th Pass,"Rs 1,06,50,781  ~ 1 Crore+","Rs 1,24,610  ~ 1 Lacs+"
427,Brijmohan Agrawal,RAIPUR,BJP,0,Post Graduate,"Rs 18,02,19,000  ~ 18 Crore+","Rs 92,33,000  ~ 92 Lacs+"
428,Daggubati Purandheshwari,RAJAHMUNDRY,BJP,1,Graduate,"Rs 62,50,41,146  ~ 62 Crore+","Rs 6,98,60,440  ~ 6 Crore+"
429,P V Midhun Reddy,RAJAMPET,YSRCP,0,Post Graduate,"Rs 1,46,85,01,685  ~ 146 Crore+","Rs 56,09,18,969  ~ 56 Crore+"
430,Rodmal Nagar,RAJGARH,BJP,0,Graduate,,
431,Parshottambhai Rupala,RAJKOT,BJP,3,Graduate Professional,"Rs 17,43,16,673  ~ 17 Crore+","Rs 1,95,000  ~ 1 Lacs+"
432,Vijay Kumar Hansdak,RAJMAHAL (ST),JMM,0,10th Pass,"Rs 6,20,11,168  ~ 6 Crore+","Rs 1,69,81,136  ~ 1 Crore+"
433,Santosh Pandey,RAJNANDGAON,BJP,1,Graduate Professional,"Rs 4,29,16,375  ~ 4 Crore+","Rs 32,29,688  ~ 32 Lacs+"
434,Mahima Kumari Mewar,RAJSAMAND,BJP,0,Graduate,"Rs 1,13,76,000  ~ 1 Crore+",Rs 0  ~
435,K Navaskani,RAMANATHAPURAM,Indian Union Muslim League,1,12th Pass,,
436,Mohibbullah,RAMPUR,SP,3,Post Graduate,"Rs 45,05,342  ~ 45 Lacs+",Rs 0  ~
437,Shyamkumar Daulat Barve,RAMTEK (SC),INC,2,12th Pass,"Rs 4,28,94,953  ~ 4 Crore+","Rs 1,61,52,299  ~ 1 Crore+"
438,Jagannath Sarkar,RANAGHAT (SC),BJP,4,Graduate Professional,"Rs 2,23,28,968  ~ 2 Crore+",Rs 0  ~
439,Sanjay Seth,RANCHI,BJP,2,Graduate Professional,"Rs 2,41,52,085  ~ 2 Crore+","Rs 32,44,306  ~ 32 Lacs+"
440,Anita Nagarsingh Chouhan,RATLAM (ST),BJP,0,Post Graduate,,
441,Narayan Tatu Rane,RATNAGIRI - SINDHUDURG,BJP,7,10th Pass,"Rs 1,08,87,39,226  ~ 108 Crore+","Rs 29,37,10,906  ~ 29 Crore+"
442,Khadse Raksha Nikhil,RAVER,BJP,0,Graduate,"Rs 18,21,17,790  ~ 18 Crore+","Rs 77,36,381  ~ 77 Lacs+"
443,Janardan Mishra S/O Ramdhar Prasad Mishra,REWA,BJP,0,Graduate Professional,"Rs 5,09,38,896  ~ 5 Crore+","Rs 1,05,36,551  ~ 1 Crore+"
444,Chhotelal,ROBERTSGANJ (SC),SP,0,5th Pass,"Rs 1,99,97,783  ~ 1 Crore+","Rs 69,54,692  ~ 69 Lacs+"
445,Deepender Singh Hooda,ROHTAK,INC,0,Post Graduate,,
446,Shobhanaben Mahendrasinh Baraiya,SABARKANTHA,BJP,0,12th Pass,"Rs 3,18,28,842  ~ 3 Crore+","Rs 1,27,44,653  ~ 1 Crore+"
447,Dr. Lata Wankhede,SAGAR,BJP,0,Doctorate,"Rs 17,34,10,882  ~ 17 Crore+","Rs 1,38,00,070  ~ 1 Crore+"
448,Imran Masood,SAHARANPUR,INC,8,12th Pass,"Rs 5,55,02,166  ~ 5 Crore+",Rs 0  ~
449,Selvaganapathi T M,SALEM,DMK,1,Post Graduate,"Rs 75,40,21,976  ~ 75 Crore+","Rs 26,14,56,676  ~ 26 Crore+"
450,Ramashankar Rajbhar,SALEMPUR,SP,0,Graduate,,
451,Shambhavi,SAMASTIPUR (SC),Lok Janshakti Party(Ram Vilas),0,Post Graduate,"Rs 4,54,06,719  ~ 4 Crore+","Rs 1,72,50,997  ~ 1 Crore+"
452,Dharmendra Pradhan,SAMBALPUR,BJP,5,Post Graduate,"Rs 6,92,19,190  ~ 6 Crore+","Rs 53,37,781  ~ 53 Lacs+"
453,Zia Ur Rehman,SAMBHAL,SP,6,Graduate Professional,"Rs 1,89,67,476  ~ 1 Crore+",Rs 0  ~
454,Vishal (Dada) Prakashbapu Patil,SANGLI,IND,9,Graduate,"Rs 29,90,65,726  ~ 29 Crore+","Rs 8,26,79,549  ~ 8 Crore+"
455,Gurmeet Singh Hayer,SANGRUR,AAP,2,Graduate Professional,,
456,Laxmikant Pappu Nishad,SANT KABIR NAGAR,SP,3,12th Pass,"Rs 3,37,28,000  ~ 3 Crore+","Rs 35,00,000  ~ 35 Lacs+"
457,Rajiv Pratap Rudy,SARAN,BJP,0,Post Graduate,"Rs 8,37,11,219  ~ 8 Crore+","Rs 6,56,891  ~ 6 Lacs+"
458,Manoj Kumar,SASARAM (SC),INC,1,Graduate,"Rs 3,24,91,416  ~ 3 Crore+","Rs 24,00,000  ~ 24 Lacs+"
459,Shrimant Chh Udayanraje Pratapsinhamaharaj Bhonsle,SATARA,BJP,4,12th Pass,"Rs 2,23,12,33,939  ~ 223 Crore+","Rs 2,44,63,842  ~ 2 Crore+"
460,Ganesh Singh,SATNA,BJP,3,Post Graduate,,
461,G. Kishan Reddy,SECUNDERABAD,BJP,0,Others,"Rs 19,22,41,721  ~ 19 Crore+","Rs 1,63,00,000  ~ 1 Crore+"
462,Smt. Himadri Singh,SHAHDOL (ST),BJP,0,Graduate,"Rs 5,01,80,267  ~ 5 Crore+","Rs 42,84,426  ~ 42 Lacs+"
463,Arun Kumar Sagar,SHAHJAHANPUR (SC),BJP,0,12th Pass,"Rs 5,83,17,453  ~ 5 Crore+","Rs 25,21,626  ~ 25 Lacs+"
464,Lovely Anand,SHEOHAR,JD(U),0,Graduate,"Rs 9,45,53,723  ~ 9 Crore+","Rs 31,69,916  ~ 31 Lacs+"
465,Dr. Ricky Andrew J. Syngkon,SHILLONG (ST),Voice of the People Party,0,Doctorate,,
466,Suresh Kumar Kashyap,SHIMLA (SC),BJP,0,Post Graduate,"Rs 4,44,42,736  ~ 4 Crore+","Rs 51,05,342  ~ 51 Lacs+"
467,B.Y.Raghavendra,SHIMOGA,BJP,1,Graduate,"Rs 73,71,45,310  ~ 73 Crore+","Rs 13,61,06,691  ~ 13 Crore+"
468,Bhausaheb Rajaram Wakchaure,SHIRDI (SC),ShivSena (Uddhav Balasaheb Thackeray),0,Graduate Professional,"Rs 9,75,19,221  ~ 9 Crore+","Rs 24,32,000  ~ 24 Lacs+"
469,Dr. Amol Ramsing Kolhe,SHIRUR,Nationalist Congress Party – Sharadchandra Pawar,0,Graduate Professional,"Rs 8,42,07,251  ~ 8 Crore+","Rs 4,49,71,049  ~ 4 Crore+"
470,Ram Shiromani Verma,SHRAWASTI,SP,0,Graduate Professional,,
471,Dr. Rajesh Mishra,SIDHI,BJP,1,Post Graduate,"Rs 14,40,08,066  ~ 14 Crore+","Rs 1,84,27,959  ~ 1 Crore+"
472,Amraram,SIKAR,CPI(M),0,Post Graduate,"Rs 40,50,109  ~ 40 Lacs+",Rs 0  ~
473,Indra Hang Subba,SIKKIM,Sikkim Krantikari Morcha,0,Doctorate,"Rs 1,48,45,772  ~ 1 Crore+","Rs 50,00,000  ~ 50 Lacs+"
474,Parimal Suklabaidya,SILCHAR (SC),BJP,0,Graduate,"Rs 1,72,57,627  ~ 1 Crore+",Rs 0  ~
475,Joba Majhi,SINGHBHUM (ST),JMM,0,10th Pass,,
476,Selja,SIRSA (SC),INC,0,Post Graduate,"Rs 42,06,55,803  ~ 42 Crore+",Rs 0  ~
477,Devesh Chandra Thakur,SITAMARHI,JD(U),1,Graduate Professional,"Rs 8,84,65,387  ~ 8 Crore+",Rs 0  ~
478,Rakesh Rathor,SITAPUR,INC,1,Graduate,"Rs 4,21,07,005  ~ 4 Crore+","Rs 82,88,936  ~ 82 Lacs+"
479,Karti P Chidambaram,SIVAGANGA,INC,11,Graduate Professional,"Rs 96,27,44,048  ~ 96 Crore+","Rs 23,48,50,274  ~ 23 Crore+"
480,Vijaylakshmi Devi,SIWAN,JD(U),0,Literate,,
481,Praniti Sushilkumar Shinde,SOLAPUR (SC),INC,3,Graduate Professional,"Rs 6,60,70,402  ~ 6 Crore+",Rs 0  ~
482,Satpal Brahamchari,SONIPAT,INC,0,Graduate,"Rs 1,60,73,608  ~ 1 Crore+",Rs 0  ~
483,Ranjit Dutta,SONITPUR,BJP,0,12th Pass,"Rs 8,97,92,194  ~ 8 Crore+","Rs 2,42,61,374  ~ 2 Crore+"
484,Ramvir Singh Bidhuri,SOUTH DELHI,BJP,1,Graduate,"Rs 52,64,19,941  ~ 52 Crore+","Rs 10,00,000  ~ 10 Lacs+"
485,Captain Viriato Fernandes,SOUTH GOA,INC,1,Graduate Professional,,
486,Kalyan Banerjee,SREERAMPUR,AITC,0,Graduate Professional,"Rs 30,54,79,471  ~ 30 Crore+","Rs 13,60,398  ~ 13 Lacs+"
487,Kinjarapu Rammohan Naidu,SRIKAKULAM,TDP,4,Post Graduate,"Rs 23,30,73,561  ~ 23 Crore+","Rs 2,98,63,859  ~ 2 Crore+"
488,Aga Syed Ruhullah Mehdi,SRINAGAR,Jammu & Kashmir National Conference,0,12th Pass,"Rs 3,57,93,000  ~ 3 Crore+","Rs 4,38,000  ~ 4 Lacs+"
489,T R Baalu,SRIPERUMBUDUR,DMK,0,Graduate,"Rs 45,73,02,056  ~ 45 Crore+","Rs 8,06,46,000  ~ 8 Crore+"
490,Rambhual Nishad,SULTANPUR,SP,8,Graduate,,
491,Jual Oram,SUNDARGARH (ST),BJP,3,12th Pass,"Rs 8,63,25,870  ~ 8 Crore+","Rs 1,03,61,616  ~ 1 Crore+"
492,Dileshwar Kamait,SUPAUL,JD(U),1,Graduate,"Rs 3,61,91,958  ~ 3 Crore+",Rs 0  ~
493,Mukeshkumar Chandrakaant Dalal,SURAT,BJP,0,Post Graduate,"Rs 17,80,13,262  ~ 17 Crore+","Rs 1,79,57,360  ~ 1 Crore+"
494,Chandubhai Chhaganbhai Shihora,SURENDRANAGAR,BJP,0,12th Pass,"Rs 58,08,789  ~ 58 Lacs+","Rs 2,66,907  ~ 2 Lacs+"
495,Chintamani Maharaj,SURGUJA (ST),BJP,0,12th Pass,,
496,Abhijit Gangopadhyay,TAMLUK,BJP,0,Graduate Professional,"Rs 4,62,55,624  ~ 4 Crore+","Rs 50,77,654  ~ 50 Lacs+"
497,Mala Rajya Lakshmi Shah,TEHRI GARHWAL,BJP,0,12th Pass,"Rs 2,06,87,39,424  ~ 206 Crore+","Rs 17,90,00,000  ~ 17 Crore+"
498,Dr Rani Sri Kumar,TENKASI (SC),DMK,0,Post Graduate,"Rs 2,13,75,000  ~ 2 Crore+","Rs 9,88,040  ~ 9 Lacs+"
499,Naresh Ganpat Mhaske,THANE,Shiv Sena,2,12th Pass,"Rs 26,26,02,215  ~ 26 Crore+","Rs 4,60,63,890  ~ 4 Crore+"
500,Murasoli S,THANJAVUR,DMK,6,Graduate Professional,,
501,Thanga Tamilselvan,THENI,DMK,17,Post Graduate,"Rs 4,98,50,594  ~ 4 Crore+",Rs 0  ~
502,Gurumoorthy Maddila,THIRUPATHI (SC),YSRCP,0,Graduate Professional,"Rs 1,32,49,134  ~ 1 Crore+","Rs 10,97,657  ~ 10 Lacs+"
503,Shashi Tharoor,THIRUVANANTHAPURAM,INC,12,Doctorate,"Rs 56,06,56,126  ~ 56 Crore+",Rs 0  ~
504,Kanimozhi Karunanidhi,THOOTHUKKUDI,DMK,2,Graduate,"Rs 60,40,56,590  ~ 60 Crore+","Rs 60,60,187  ~ 60 Lacs+"
505,Suresh Gopi,THRISSUR,BJP,4,Post Graduate,,
506,Dr. Virendra Kumar,TIKAMGARH (SC),BJP,0,Doctorate,"Rs 2,88,37,006  ~ 2 Crore+",Rs 0  ~
507,Durai Vaiko,TIRUCHIRAPPALLI,Marumalarchi Dravida Munnetra Kazhagam,0,Post Graduate,"Rs 35,90,84,317  ~ 35 Crore+","Rs 2,55,69,046  ~ 2 Crore+"
508,Robert Bruce C,TIRUNELVELI,INC,1,Post Graduate,"Rs 9,26,62,888  ~ 9 Crore+","Rs 10,22,299  ~ 10 Lacs+"
509,K Subbarayan,TIRUPPUR,CPI,1,10th Pass,"Rs 1,04,31,271  ~ 1 Crore+","Rs 1,50,462  ~ 1 Lacs+"
510,Sasikanth Senthil,TIRUVALLUR (SC),INC,0,Graduate Professional,,
511,C N Annadurai,TIRUVANNAMALAI,DMK,0,Graduate,"Rs 20,36,86,311  ~ 20 Crore+","Rs 1,91,56,956  ~ 1 Crore+"
512,Harish Chandra Meena,TONK-SAWAI MADHOPUR,INC,0,Graduate,"Rs 23,07,94,780  ~ 23 Crore+",Rs 0  ~
513,Kriti Devi Debbarman,TRIPURA EAST (ST),BJP,0,Others,"Rs 85,92,32,932  ~ 85 Crore+","Rs 15,25,809  ~ 15 Lacs+"
514,Biplab Kumar Deb,TRIPURA WEST,BJP,0,Graduate,"Rs 4,99,23,347  ~ 4 Crore+",Rs 0  ~
515,V. Somanna,TUMKUR,BJP,1,Graduate,,
516,Saleng A Sangma,TURA (ST),INC,0,Post Graduate,"Rs 4,00,49,264  ~ 4 Crore+","Rs 57,08,458  ~ 57 Lacs+"
517,Manna Lal Rawat,UDAIPUR (ST),BJP,0,Doctorate,"Rs 2,71,25,206  ~ 2 Crore+","Rs 2,42,000  ~ 2 Lacs+"
518,Dr Jitendra Singh,UDHAMPUR,BJP,0,Post Graduate,"Rs 8,59,05,005  ~ 8 Crore+",Rs 0  ~
519,Kota Srinivas Poojary,UDUPI CHIKMAGALUR,BJP,0,5th Pass,"Rs 2,94,70,510  ~ 2 Crore+","Rs 1,04,44,645  ~ 1 Crore+"
520,Nityanand Rai,UJIARPUR,BJP,3,Graduate,,
521,Anil Firojiya,UJJAIN (SC),BJP,0,12th Pass,"Rs 8,81,59,766  ~ 8 Crore+","Rs 3,03,46,543  ~ 3 Crore+"
522,Sajda Ahmed,ULUBERIA,AITC,0,Graduate,"Rs 4,40,42,025  ~ 4 Crore+",Rs 0  ~
523,Swami Sachchidanand Hari Sakshi,UNNAO,BJP,2,Doctorate,"Rs 6,72,26,281  ~ 6 Crore+",Rs 0  ~
524,Hegde Vishweshwar,UTTARA KANNADA,BJP,0,Graduate,"Rs 16,74,09,004  ~ 16 Crore+",Rs 0  ~
525,Shafi Parambil,VADAKARA,INC,47,Post Graduate,,
526,Dr. Hemang Joshi,VADODARA,BJP,0,Post Graduate,"Rs 1,03,88,939  ~ 1 Crore+","Rs 31,80,318  ~ 31 Lacs+"
527,Veena Devi,VAISHALI,Lok Janshakti Party(Ram Vilas),3,10th Pass,"Rs 46,71,70,049  ~ 46 Crore+","Rs 16,47,62,876  ~ 16 Crore+"
528,Sunil Kumar,VALMIKI NAGAR,JD(U),0,Graduate,"Rs 1,27,64,194  ~ 1 Crore+","Rs 65,02,981  ~ 65 Lacs+"
529,Dhaval Laxmanbhai Patel,VALSAD (ST),BJP,0,Post Graduate,"Rs 6,78,50,853  ~ 6 Crore+",Rs 0  ~
530,Narendra Modi,VARANASI,BJP,0,Post Graduate,,
531,Dm Kathir Anand,VELLORE,DMK,5,Post Graduate,"Rs 88,79,65,643  ~ 88 Crore+","Rs 51,16,58,487  ~ 51 Crore+"
532,Shivraj Singh Chouhan,VIDISHA,BJP,1,Post Graduate,"Rs 8,98,52,874  ~ 8 Crore+","Rs 64,11,905  ~ 64 Lacs+"
533,Kesineni Sivanath (Chinni),VIJAYAWADA,TDP,0,Graduate Professional,"Rs 29,20,66,245  ~ 29 Crore+","Rs 26,17,40,856  ~ 26 Crore+"
534,Ravikumar. D,VILUPPURAM (SC),Viduthalai Chiruthaigal Katchi,0,Doctorate,"Rs 97,87,136  ~ 97 Lacs+",Rs 0  ~
535,Manickam Tagore B,VIRUDHUNAGAR,INC,1,Graduate Professional,,
536,Sribharat Mathukumili,VISAKHAPATNAM,TDP,2,Post Graduate,"Rs 2,98,95,86,580  ~ 298 Crore+","Rs 1,89,64,522  ~ 1 Crore+"
537,Appalanaidu Kalisetti,VIZIANAGARAM,TDP,0,Graduate Professional,"Rs 6,23,65,187  ~ 6 Crore+","Rs 66,70,915  ~ 66 Lacs+"
538,Kadiyam Kavya,WARANGAL (SC),INC,0,Post Graduate,"Rs 1,55,01,028  ~ 1 Crore+","Rs 1,02,59,201  ~ 1 Crore+"
539,Amar Sharadrao Kale,WARDHA,Nationalist Congress Party – Sharadchandra Pawar,0,12th Pass,"Rs 10,61,75,044  ~ 10 Crore+","Rs 2,95,04,353  ~ 2 Crore+"
540,Rahul Gandhi,WAYANAD,INC,18,Post Graduate,,
541,Kamaljeet Sehrawat,WEST DELHI,BJP,0,Post Graduate,"Rs 14,74,36,650  ~ 14 Crore+","Rs 1,18,57,294  ~ 1 Crore+"
542,Sanjay Uttamrao Deshmukh,YAVATMAL - WASHIM,ShivSena (Uddhav Balasaheb Thackeray),0,Graduate,"Rs 28,44,22,940  ~ 28 Crore+","Rs 9,48,74,636  ~ 9 Crore+"
543,Suresh Kumar Shetkar,ZAHIRABAD,INC,1,Graduate,"Rs 10,77,11,726  ~ 10 Crore+","Rs 64,47,401  ~ 64 Lacs+"
